state,seed,ubvec_pop,ubvec_minority,num_mm,target_mm,max_minority_pct,edge_cut,success,runtime,error
AL,42,1.005,1.1,1,2,54.91214020868257,246,False,5.249641180038452,
AL,43,1.005,1.1,1,2,54.91214020868257,246,False,5.0036702156066895,
AL,44,1.005,1.1,1,2,54.91214020868257,246,False,4.792495489120483,
AL,45,1.005,1.1,1,2,54.91214020868257,246,False,5.126397132873535,
AL,46,1.005,1.1,1,2,54.91214020868257,246,False,5.0854597091674805,
AL,47,1.005,1.1,1,2,54.91214020868257,246,False,5.152360677719116,
AL,48,1.005,1.1,1,2,54.91214020868257,246,False,5.108718395233154,
AL,49,1.005,1.1,1,2,54.91214020868257,246,False,4.942344665527344,
AL,50,1.005,1.1,1,2,54.91214020868257,246,False,5.036120891571045,
AL,51,1.005,1.1,1,2,54.91214020868257,246,False,4.915273189544678,
AL,52,1.005,1.1,1,2,54.91214020868257,246,False,5.0569374561309814,
AL,53,1.005,1.1,1,2,54.91214020868257,246,False,5.200726270675659,
AL,54,1.005,1.1,1,2,54.91214020868257,246,False,5.2159295082092285,
AL,55,1.005,1.1,1,2,54.91214020868257,246,False,5.727220058441162,
AL,42,1.005,1.3,0,2,49.66962703686932,277,False,5.331924676895142,
AL,43,1.005,1.3,0,2,49.66962703686932,277,False,5.124900579452515,
AL,44,1.005,1.3,0,2,49.66962703686932,277,False,5.514603137969971,
AL,45,1.005,1.3,0,2,49.66962703686932,277,False,5.246399402618408,
AL,46,1.005,1.3,0,2,49.66962703686932,277,False,5.259558439254761,
AL,47,1.005,1.3,0,2,49.66962703686932,277,False,4.873904466629028,
AL,48,1.005,1.3,0,2,49.66962703686932,277,False,5.118678569793701,
AL,49,1.005,1.3,0,2,49.66962703686932,277,False,4.9971764087677,
AL,50,1.005,1.3,0,2,49.66962703686932,277,False,5.188902139663696,
AL,51,1.005,1.3,0,2,49.66962703686932,277,False,4.762731075286865,
AL,52,1.005,1.3,0,2,49.66962703686932,277,False,5.340892553329468,
AL,53,1.005,1.3,0,2,49.66962703686932,277,False,4.890727281570435,
AL,54,1.005,1.3,0,2,49.66962703686932,277,False,4.910443544387817,
AL,55,1.005,1.3,0,2,49.66962703686932,277,False,4.8227314949035645,
AL,42,1.005,1.5,0,2,44.72441707032734,283,False,4.88745379447937,
AL,43,1.005,1.5,0,2,44.72441707032734,283,False,4.943295478820801,
AL,44,1.005,1.5,0,2,44.72441707032734,283,False,5.455770015716553,
AL,45,1.005,1.5,0,2,44.72441707032734,283,False,5.432671070098877,
AL,46,1.005,1.5,0,2,44.72441707032734,283,False,5.611268997192383,
AL,47,1.005,1.5,0,2,44.72441707032734,283,False,5.519143104553223,
AL,48,1.005,1.5,0,2,44.72441707032734,283,False,5.482530832290649,
AL,49,1.005,1.5,0,2,44.72441707032734,283,False,5.318860292434692,
AL,50,1.005,1.5,0,2,44.72441707032734,283,False,5.525586843490601,
AL,51,1.005,1.5,0,2,44.72441707032734,283,False,4.989420413970947,
AL,52,1.005,1.5,0,2,44.72441707032734,283,False,4.88853120803833,
AL,53,1.005,1.5,0,2,44.72441707032734,283,False,5.254132986068726,
AL,54,1.005,1.5,0,2,44.72441707032734,283,False,4.89433479309082,
AL,55,1.005,1.5,0,2,44.72441707032734,283,False,4.865896224975586,
AL,42,1.005,2.0,1,2,51.26960160539254,246,False,4.937346935272217,
AL,43,1.005,2.0,1,2,51.26960160539254,246,False,6.131531000137329,
AL,44,1.005,2.0,1,2,51.26960160539254,246,False,6.919774293899536,
AL,45,1.005,2.0,1,2,51.26960160539254,246,False,6.933934688568115,
AL,46,1.005,2.0,1,2,51.26960160539254,246,False,6.844029664993286,
AL,47,1.005,2.0,1,2,51.26960160539254,246,False,6.73980975151062,
AL,48,1.005,2.0,1,2,51.26960160539254,246,False,6.76804518699646,
AL,49,1.005,2.0,1,2,51.26960160539254,246,False,6.899649143218994,
AL,50,1.005,2.0,1,2,51.26960160539254,246,False,6.883038759231567,
AL,51,1.005,2.0,1,2,51.26960160539254,246,False,7.040404558181763,
AL,52,1.005,2.0,1,2,51.26960160539254,246,False,6.703955888748169,
AL,53,1.005,2.0,1,2,51.26960160539254,246,False,6.590437412261963,
AL,54,1.005,2.0,1,2,51.26960160539254,246,False,6.350228309631348,
AL,55,1.005,2.0,1,2,51.26960160539254,246,False,6.456752300262451,
AL,42,1.005,2.5,0,2,49.53274380728597,212,False,6.39147162437439,
AL,43,1.005,2.5,0,2,49.53274380728597,212,False,6.4165661334991455,
AL,44,1.005,2.5,0,2,49.53274380728597,212,False,5.981193542480469,
AL,45,1.005,2.5,0,2,49.53274380728597,212,False,6.691874980926514,
AL,46,1.005,2.5,0,2,49.53274380728597,212,False,6.654482126235962,
AL,47,1.005,2.5,0,2,49.53274380728597,212,False,7.996505498886108,
AL,48,1.005,2.5,0,2,49.53274380728597,212,False,6.7289137840271,
AL,49,1.005,2.5,0,2,49.53274380728597,212,False,7.120418548583984,
AL,50,1.005,2.5,0,2,49.53274380728597,212,False,6.921217203140259,
AL,51,1.005,2.5,0,2,49.53274380728597,212,False,6.636257648468018,
AL,52,1.005,2.5,0,2,49.53274380728597,212,False,6.239295482635498,
AL,53,1.005,2.5,0,2,49.53274380728597,212,False,5.893306016921997,
AL,54,1.005,2.5,0,2,49.53274380728597,212,False,5.889474391937256,
AL,55,1.005,2.5,0,2,49.53274380728597,212,False,5.741304636001587,
AL,42,1.005,3.0,1,2,50.163354868475366,220,False,5.500807523727417,
AL,43,1.005,3.0,1,2,50.163354868475366,220,False,5.9809277057647705,
AL,44,1.005,3.0,1,2,50.163354868475366,220,False,5.9060492515563965,
AL,45,1.005,3.0,1,2,50.163354868475366,220,False,6.135396957397461,
AL,46,1.005,3.0,1,2,50.163354868475366,220,False,5.933250427246094,
AL,47,1.005,3.0,1,2,50.163354868475366,220,False,6.271027565002441,
AL,48,1.005,3.0,1,2,50.163354868475366,220,False,5.988255977630615,
AL,49,1.005,3.0,1,2,50.163354868475366,220,False,6.059828758239746,
AL,50,1.005,3.0,1,2,50.163354868475366,220,False,6.354194402694702,
AL,51,1.005,3.0,1,2,50.163354868475366,220,False,6.273996353149414,
AL,52,1.005,3.0,1,2,50.163354868475366,220,False,6.1535725593566895,
AL,53,1.005,3.0,1,2,50.163354868475366,220,False,6.433440685272217,
AL,54,1.005,3.0,1,2,50.163354868475366,220,False,6.532543420791626,
AL,55,1.005,3.0,1,2,50.163354868475366,220,False,6.095952749252319,
AL,42,1.005,4.0,1,2,50.97713051448345,204,False,5.7402284145355225,
AL,43,1.005,4.0,1,2,50.97713051448345,204,False,6.042746305465698,
AL,44,1.005,4.0,1,2,50.97713051448345,204,False,5.991470575332642,
AL,45,1.005,4.0,1,2,50.97713051448345,204,False,6.108590841293335,
AL,46,1.005,4.0,1,2,50.97713051448345,204,False,6.102322101593018,
AL,47,1.005,4.0,1,2,50.97713051448345,204,False,6.709295988082886,
AL,48,1.005,4.0,1,2,50.97713051448345,204,False,6.5533998012542725,
AL,49,1.005,4.0,1,2,50.97713051448345,204,False,6.402409076690674,
AL,50,1.005,4.0,1,2,50.97713051448345,204,False,6.427316427230835,
AL,51,1.005,4.0,1,2,50.97713051448345,204,False,6.713199853897095,
AL,52,1.005,4.0,1,2,50.97713051448345,204,False,6.321348428726196,
AL,53,1.005,4.0,1,2,50.97713051448345,204,False,6.607256650924683,
AL,54,1.005,4.0,1,2,50.97713051448345,204,False,6.394513368606567,
AL,55,1.005,4.0,1,2,50.97713051448345,204,False,6.461878061294556,
AL,42,1.005,5.0,1,2,50.97713051448345,204,False,6.401179552078247,
AL,43,1.005,5.0,1,2,50.97713051448345,204,False,6.136895656585693,
AL,44,1.005,5.0,1,2,50.97713051448345,204,False,5.7769615650177,
AL,45,1.005,5.0,1,2,50.97713051448345,204,False,6.238072156906128,
AL,46,1.005,5.0,1,2,50.97713051448345,204,False,6.068598747253418,
AL,47,1.005,5.0,1,2,50.97713051448345,204,False,5.961507320404053,
AL,48,1.005,5.0,1,2,50.97713051448345,204,False,6.072473049163818,
AL,49,1.005,5.0,1,2,50.97713051448345,204,False,6.175177097320557,
AL,50,1.005,5.0,1,2,50.97713051448345,204,False,6.116353750228882,
AL,51,1.005,5.0,1,2,50.97713051448345,204,False,6.2005295753479,
AL,52,1.005,5.0,1,2,50.97713051448345,204,False,6.381160020828247,
AL,53,1.005,5.0,1,2,50.97713051448345,204,False,6.4159650802612305,
AL,54,1.005,5.0,1,2,50.97713051448345,204,False,6.279153823852539,
AL,55,1.005,5.0,1,2,50.97713051448345,204,False,6.491326093673706,
AL,42,1.005,7.0,1,2,50.97713051448345,204,False,6.526928901672363,
AL,43,1.005,7.0,1,2,50.97713051448345,204,False,6.299542427062988,
AL,44,1.005,7.0,1,2,50.97713051448345,204,False,6.21225643157959,
AL,45,1.005,7.0,1,2,50.97713051448345,204,False,6.107738256454468,
AL,46,1.005,7.0,1,2,50.97713051448345,204,False,6.051016807556152,
AL,47,1.005,7.0,1,2,50.97713051448345,204,False,6.069915771484375,
AL,48,1.005,7.0,1,2,50.97713051448345,204,False,5.287531852722168,
AL,49,1.005,7.0,1,2,50.97713051448345,204,False,5.122166156768799,
AL,50,1.005,7.0,1,2,50.97713051448345,204,False,5.217512845993042,
AL,51,1.005,7.0,1,2,50.97713051448345,204,False,5.385616302490234,
AL,52,1.005,7.0,1,2,50.97713051448345,204,False,5.515524864196777,
AL,53,1.005,7.0,1,2,50.97713051448345,204,False,5.214493751525879,
AL,54,1.005,7.0,1,2,50.97713051448345,204,False,5.488213300704956,
AL,55,1.005,7.0,1,2,50.97713051448345,204,False,5.659548997879028,
AL,42,1.005,10.0,1,2,50.97713051448345,204,False,5.727362394332886,
AL,43,1.005,10.0,1,2,50.97713051448345,204,False,5.3838396072387695,
AL,44,1.005,10.0,1,2,50.97713051448345,204,False,5.495711326599121,
AL,45,1.005,10.0,1,2,50.97713051448345,204,False,5.6814775466918945,
AL,46,1.005,10.0,1,2,50.97713051448345,204,False,5.5160980224609375,
AL,47,1.005,10.0,1,2,50.97713051448345,204,False,5.183564186096191,
AL,48,1.005,10.0,1,2,50.97713051448345,204,False,5.078615427017212,
AL,49,1.005,10.0,1,2,50.97713051448345,204,False,5.830661773681641,
AL,50,1.005,10.0,1,2,50.97713051448345,204,False,5.153990268707275,
AL,51,1.005,10.0,1,2,50.97713051448345,204,False,5.377795696258545,
AL,52,1.005,10.0,1,2,50.97713051448345,204,False,5.247617244720459,
AL,53,1.005,10.0,1,2,50.97713051448345,204,False,5.326587200164795,
AL,54,1.005,10.0,1,2,50.97713051448345,204,False,5.028933048248291,
AL,55,1.005,10.0,1,2,50.97713051448345,204,False,5.477161169052124,
GA,42,1.005,1.1,5,5,79.46573057870164,672,True,7.824664831161499,
GA,43,1.005,1.1,5,5,79.46573057870164,672,True,7.490651845932007,
GA,44,1.005,1.1,5,5,79.46573057870164,672,True,8.109260559082031,
GA,45,1.005,1.1,5,5,79.46573057870164,672,True,8.205496788024902,
GA,46,1.005,1.1,5,5,79.46573057870164,672,True,7.947083234786987,
GA,47,1.005,1.1,5,5,79.46573057870164,672,True,7.768069744110107,
GA,48,1.005,1.1,5,5,79.46573057870164,672,True,7.358676910400391,
GA,49,1.005,1.1,5,5,79.46573057870164,672,True,8.620837211608887,
GA,50,1.005,1.1,5,5,79.46573057870164,672,True,7.3968963623046875,
GA,51,1.005,1.1,5,5,79.46573057870164,672,True,7.12050461769104,
GA,52,1.005,1.1,5,5,79.46573057870164,672,True,6.603254556655884,
GA,53,1.005,1.1,5,5,79.46573057870164,672,True,6.751679182052612,
GA,54,1.005,1.1,5,5,79.46573057870164,672,True,6.653025150299072,
GA,55,1.005,1.1,5,5,79.46573057870164,672,True,6.637812614440918,
GA,42,1.005,1.3,5,5,89.69559649295637,743,True,6.7342681884765625,
GA,43,1.005,1.3,5,5,89.69559649295637,743,True,6.798246383666992,
GA,44,1.005,1.3,5,5,89.69559649295637,743,True,6.68455958366394,
GA,45,1.005,1.3,5,5,89.69559649295637,743,True,7.082738161087036,
GA,46,1.005,1.3,5,5,89.69559649295637,743,True,6.813460350036621,
GA,47,1.005,1.3,5,5,89.69559649295637,743,True,6.8686535358428955,
GA,48,1.005,1.3,5,5,89.69559649295637,743,True,6.725683927536011,
GA,49,1.005,1.3,5,5,89.69559649295637,743,True,6.6672043800354,
GA,50,1.005,1.3,5,5,89.69559649295637,743,True,6.667862176895142,
GA,51,1.005,1.3,5,5,89.69559649295637,743,True,6.672844886779785,
GA,52,1.005,1.3,5,5,89.69559649295637,743,True,6.6860010623931885,
GA,53,1.005,1.3,5,5,89.69559649295637,743,True,7.2000133991241455,
GA,54,1.005,1.3,5,5,89.69559649295637,743,True,7.0014307498931885,
GA,55,1.005,1.3,5,5,89.69559649295637,743,True,6.875173807144165,
GA,42,1.005,1.5,6,5,82.62708198558703,739,True,6.758830308914185,
GA,43,1.005,1.5,6,5,82.62708198558703,739,True,7.316792011260986,
GA,44,1.005,1.5,6,5,82.62708198558703,739,True,7.171376466751099,
GA,45,1.005,1.5,6,5,82.62708198558703,739,True,7.1303486824035645,
GA,46,1.005,1.5,6,5,82.62708198558703,739,True,6.96033501625061,
GA,47,1.005,1.5,6,5,82.62708198558703,739,True,6.670034408569336,
GA,48,1.005,1.5,6,5,82.62708198558703,739,True,6.636649131774902,
GA,49,1.005,1.5,6,5,82.62708198558703,739,True,6.699039936065674,
GA,50,1.005,1.5,6,5,82.62708198558703,739,True,6.44327974319458,
GA,51,1.005,1.5,6,5,82.62708198558703,739,True,6.4997358322143555,
GA,52,1.005,1.5,6,5,82.62708198558703,739,True,6.661640644073486,
GA,53,1.005,1.5,6,5,82.62708198558703,739,True,6.752537488937378,
GA,54,1.005,1.5,6,5,82.62708198558703,739,True,6.721805810928345,
GA,55,1.005,1.5,6,5,82.62708198558703,739,True,7.015665531158447,
GA,42,1.005,2.0,6,5,79.3271783605943,634,True,6.426604986190796,
GA,43,1.005,2.0,6,5,79.3271783605943,634,True,6.657813310623169,
GA,44,1.005,2.0,6,5,79.3271783605943,634,True,6.730447292327881,
GA,45,1.005,2.0,6,5,79.3271783605943,634,True,6.613272428512573,
GA,46,1.005,2.0,6,5,79.3271783605943,634,True,6.661799907684326,
GA,47,1.005,2.0,6,5,79.3271783605943,634,True,6.730363368988037,
GA,48,1.005,2.0,6,5,79.3271783605943,634,True,6.526007175445557,
GA,49,1.005,2.0,6,5,79.3271783605943,634,True,6.697633743286133,
GA,50,1.005,2.0,6,5,79.3271783605943,634,True,6.698079586029053,
GA,51,1.005,2.0,6,5,79.3271783605943,634,True,6.519853353500366,
GA,52,1.005,2.0,6,5,79.3271783605943,634,True,6.693710803985596,
GA,53,1.005,2.0,6,5,79.3271783605943,634,True,6.76137900352478,
GA,54,1.005,2.0,6,5,79.3271783605943,634,True,6.513233423233032,
GA,55,1.005,2.0,6,5,79.3271783605943,634,True,6.715494871139526,
GA,42,1.005,2.5,6,5,73.73841868482468,603,True,6.698778867721558,
GA,43,1.005,2.5,6,5,73.73841868482468,603,True,6.430330753326416,
GA,44,1.005,2.5,6,5,73.73841868482468,603,True,6.510003328323364,
GA,45,1.005,2.5,6,5,73.73841868482468,603,True,6.631613254547119,
GA,46,1.005,2.5,6,5,73.73841868482468,603,True,6.6220691204071045,
GA,47,1.005,2.5,6,5,73.73841868482468,603,True,6.711573839187622,
GA,48,1.005,2.5,6,5,73.73841868482468,603,True,6.844222545623779,
GA,49,1.005,2.5,6,5,73.73841868482468,603,True,6.702067613601685,
GA,50,1.005,2.5,6,5,73.73841868482468,603,True,6.654277086257935,
GA,51,1.005,2.5,6,5,73.73841868482468,603,True,6.697211742401123,
GA,52,1.005,2.5,6,5,73.73841868482468,603,True,6.458369970321655,
GA,53,1.005,2.5,6,5,73.73841868482468,603,True,6.434169292449951,
GA,54,1.005,2.5,6,5,73.73841868482468,603,True,6.469974040985107,
GA,55,1.005,2.5,6,5,73.73841868482468,603,True,6.573344945907593,
GA,42,1.005,3.0,7,5,78.0349527900569,644,True,6.389286756515503,
GA,43,1.005,3.0,7,5,78.0349527900569,644,True,6.508008718490601,
GA,44,1.005,3.0,7,5,78.0349527900569,644,True,6.528509140014648,
GA,45,1.005,3.0,7,5,78.0349527900569,644,True,6.394230365753174,
GA,46,1.005,3.0,7,5,78.0349527900569,644,True,6.623845815658569,
GA,47,1.005,3.0,7,5,78.0349527900569,644,True,7.120317459106445,
GA,48,1.005,3.0,7,5,78.0349527900569,644,True,6.872282981872559,
GA,49,1.005,3.0,7,5,78.0349527900569,644,True,7.475131273269653,
GA,50,1.005,3.0,7,5,78.0349527900569,644,True,6.789914846420288,
GA,51,1.005,3.0,7,5,78.0349527900569,644,True,6.944049596786499,
GA,52,1.005,3.0,7,5,78.0349527900569,644,True,8.128214836120605,
GA,53,1.005,3.0,7,5,78.0349527900569,644,True,7.009497404098511,
GA,54,1.005,3.0,7,5,78.0349527900569,644,True,6.914702415466309,
GA,55,1.005,3.0,7,5,78.0349527900569,644,True,7.287127733230591,
GA,42,1.005,4.0,6,5,76.96293607477604,582,True,7.446472406387329,
GA,43,1.005,4.0,6,5,76.96293607477604,582,True,7.262057781219482,
GA,44,1.005,4.0,6,5,76.96293607477604,582,True,7.43172812461853,
GA,45,1.005,4.0,6,5,76.96293607477604,582,True,7.777126789093018,
GA,46,1.005,4.0,6,5,76.96293607477604,582,True,7.4650187492370605,
GA,47,1.005,4.0,6,5,76.96293607477604,582,True,7.690110445022583,
GA,48,1.005,4.0,6,5,76.96293607477604,582,True,7.923797130584717,
GA,49,1.005,4.0,6,5,76.96293607477604,582,True,7.8682167530059814,
GA,50,1.005,4.0,6,5,76.96293607477604,582,True,7.728163003921509,
GA,51,1.005,4.0,6,5,76.96293607477604,582,True,8.014754295349121,
GA,52,1.005,4.0,6,5,76.96293607477604,582,True,7.602487564086914,
GA,53,1.005,4.0,6,5,76.96293607477604,582,True,7.40851354598999,
GA,54,1.005,4.0,6,5,76.96293607477604,582,True,7.263635873794556,
GA,55,1.005,4.0,6,5,76.96293607477604,582,True,7.512383460998535,
GA,42,1.005,5.0,4,5,86.67878013789587,616,False,7.117170333862305,
GA,43,1.005,5.0,4,5,86.67878013789587,616,False,6.761409521102905,
GA,44,1.005,5.0,4,5,86.67878013789587,616,False,7.0840044021606445,
GA,45,1.005,5.0,4,5,86.67878013789587,616,False,6.874173402786255,
GA,46,1.005,5.0,4,5,86.67878013789587,616,False,7.216127872467041,
GA,47,1.005,5.0,4,5,86.67878013789587,616,False,8.65412187576294,
GA,48,1.005,5.0,4,5,86.67878013789587,616,False,8.269009351730347,
GA,49,1.005,5.0,4,5,86.67878013789587,616,False,7.89185643196106,
GA,50,1.005,5.0,4,5,86.67878013789587,616,False,7.709027051925659,
GA,51,1.005,5.0,4,5,86.67878013789587,616,False,8.15073561668396,
GA,52,1.005,5.0,4,5,86.67878013789587,616,False,8.505667448043823,
GA,53,1.005,5.0,4,5,86.67878013789587,616,False,7.429609537124634,
GA,54,1.005,5.0,4,5,86.67878013789587,616,False,7.762023210525513,
GA,55,1.005,5.0,4,5,86.67878013789587,616,False,7.525729656219482,
GA,42,1.005,7.0,7,5,70.47324116010712,643,True,7.655024290084839,
GA,43,1.005,7.0,7,5,70.47324116010712,643,True,8.060995817184448,
GA,44,1.005,7.0,7,5,70.47324116010712,643,True,7.2333009243011475,
GA,45,1.005,7.0,7,5,70.47324116010712,643,True,7.251627683639526,
GA,46,1.005,7.0,7,5,70.47324116010712,643,True,7.026302099227905,
GA,47,1.005,7.0,7,5,70.47324116010712,643,True,7.384910821914673,
GA,48,1.005,7.0,7,5,70.47324116010712,643,True,8.991486072540283,
GA,49,1.005,7.0,7,5,70.47324116010712,643,True,7.516749620437622,
GA,50,1.005,7.0,7,5,70.47324116010712,643,True,7.243189096450806,
GA,51,1.005,7.0,7,5,70.47324116010712,643,True,7.156205654144287,
GA,52,1.005,7.0,7,5,70.47324116010712,643,True,7.315131664276123,
GA,53,1.005,7.0,7,5,70.47324116010712,643,True,6.986353635787964,
GA,54,1.005,7.0,7,5,70.47324116010712,643,True,7.125626564025879,
GA,55,1.005,7.0,7,5,70.47324116010712,643,True,7.056049585342407,
GA,42,1.005,10.0,7,5,70.47324116010712,643,True,7.375062465667725,
GA,43,1.005,10.0,7,5,70.47324116010712,643,True,7.2965614795684814,
GA,44,1.005,10.0,7,5,70.47324116010712,643,True,7.1534788608551025,
GA,45,1.005,10.0,7,5,70.47324116010712,643,True,7.3757452964782715,
GA,46,1.005,10.0,7,5,70.47324116010712,643,True,7.6541759967803955,
GA,47,1.005,10.0,7,5,70.47324116010712,643,True,7.797652244567871,
GA,48,1.005,10.0,7,5,70.47324116010712,643,True,7.817044496536255,
GA,49,1.005,10.0,7,5,70.47324116010712,643,True,7.4488794803619385,
GA,50,1.005,10.0,7,5,70.47324116010712,643,True,7.720052242279053,
GA,51,1.005,10.0,7,5,70.47324116010712,643,True,7.8445916175842285,
GA,52,1.005,10.0,7,5,70.47324116010712,643,True,8.157885789871216,
GA,53,1.005,10.0,7,5,70.47324116010712,643,True,7.185388565063477,
GA,54,1.005,10.0,7,5,70.47324116010712,643,True,7.087539434432983,
GA,55,1.005,10.0,7,5,70.47324116010712,643,True,7.302816867828369,
LA,42,1.005,1.1,1,2,58.88066837155957,388,False,3.6791460514068604,
LA,43,1.005,1.1,1,2,58.88066837155957,388,False,3.65878963470459,
LA,44,1.005,1.1,1,2,58.88066837155957,388,False,3.515434741973877,
LA,45,1.005,1.1,1,2,58.88066837155957,388,False,3.529477596282959,
LA,46,1.005,1.1,1,2,58.88066837155957,388,False,3.488325834274292,
LA,47,1.005,1.1,1,2,58.88066837155957,388,False,3.5880913734436035,
LA,48,1.005,1.1,1,2,58.88066837155957,388,False,3.5184285640716553,
LA,49,1.005,1.1,1,2,58.88066837155957,388,False,3.6390891075134277,
LA,50,1.005,1.1,1,2,58.88066837155957,388,False,3.618729591369629,
LA,51,1.005,1.1,1,2,58.88066837155957,388,False,3.7416043281555176,
LA,52,1.005,1.1,1,2,58.88066837155957,388,False,3.739060878753662,
LA,53,1.005,1.1,1,2,58.88066837155957,388,False,3.907808303833008,
LA,54,1.005,1.1,1,2,58.88066837155957,388,False,3.8795931339263916,
LA,55,1.005,1.1,1,2,58.88066837155957,388,False,3.97434139251709,
LA,42,1.005,1.3,1,2,55.60859495129468,331,False,3.8478035926818848,
LA,43,1.005,1.3,1,2,55.60859495129468,331,False,3.890679121017456,
LA,44,1.005,1.3,1,2,55.60859495129468,331,False,3.6263389587402344,
LA,45,1.005,1.3,1,2,55.60859495129468,331,False,3.77125883102417,
LA,46,1.005,1.3,1,2,55.60859495129468,331,False,3.8751516342163086,
LA,47,1.005,1.3,1,2,55.60859495129468,331,False,3.708601951599121,
LA,48,1.005,1.3,1,2,55.60859495129468,331,False,4.586292505264282,
LA,49,1.005,1.3,1,2,55.60859495129468,331,False,4.032858610153198,
LA,50,1.005,1.3,1,2,55.60859495129468,331,False,3.678098440170288,
LA,51,1.005,1.3,1,2,55.60859495129468,331,False,3.9004247188568115,
LA,52,1.005,1.3,1,2,55.60859495129468,331,False,3.7371935844421387,
LA,53,1.005,1.3,1,2,55.60859495129468,331,False,4.095306158065796,
LA,54,1.005,1.3,1,2,55.60859495129468,331,False,4.019098997116089,
LA,55,1.005,1.3,1,2,55.60859495129468,331,False,4.070609092712402,
LA,42,1.005,1.5,1,2,53.00809862720609,214,False,4.457973003387451,
LA,43,1.005,1.5,1,2,53.00809862720609,214,False,4.529657602310181,
LA,44,1.005,1.5,1,2,53.00809862720609,214,False,4.362529039382935,
LA,45,1.005,1.5,1,2,53.00809862720609,214,False,4.2199413776397705,
LA,46,1.005,1.5,1,2,53.00809862720609,214,False,4.74491810798645,
LA,47,1.005,1.5,1,2,53.00809862720609,214,False,4.496517658233643,
LA,48,1.005,1.5,1,2,53.00809862720609,214,False,4.972087144851685,
LA,49,1.005,1.5,1,2,53.00809862720609,214,False,5.260000705718994,
LA,50,1.005,1.5,1,2,53.00809862720609,214,False,5.222764730453491,
LA,51,1.005,1.5,1,2,53.00809862720609,214,False,4.847515344619751,
LA,52,1.005,1.5,1,2,53.00809862720609,214,False,4.32859992980957,
LA,53,1.005,1.5,1,2,53.00809862720609,214,False,4.529652833938599,
LA,54,1.005,1.5,1,2,53.00809862720609,214,False,4.648544073104858,
LA,55,1.005,1.5,1,2,53.00809862720609,214,False,5.216142177581787,
LA,42,1.005,2.0,0,2,49.20347263103488,267,False,5.242459058761597,
LA,43,1.005,2.0,0,2,49.20347263103488,267,False,4.654245376586914,
LA,44,1.005,2.0,0,2,49.20347263103488,267,False,4.546253681182861,
LA,45,1.005,2.0,0,2,49.20347263103488,267,False,4.518747091293335,
LA,46,1.005,2.0,0,2,49.20347263103488,267,False,4.585093259811401,
LA,47,1.005,2.0,0,2,49.20347263103488,267,False,4.444700479507446,
LA,48,1.005,2.0,0,2,49.20347263103488,267,False,4.301790714263916,
LA,49,1.005,2.0,0,2,49.20347263103488,267,False,4.432952404022217,
LA,50,1.005,2.0,0,2,49.20347263103488,267,False,5.275899648666382,
LA,51,1.005,2.0,0,2,49.20347263103488,267,False,5.434126853942871,
LA,52,1.005,2.0,0,2,49.20347263103488,267,False,4.667934417724609,
LA,53,1.005,2.0,0,2,49.20347263103488,267,False,5.007492780685425,
LA,54,1.005,2.0,0,2,49.20347263103488,267,False,4.836474895477295,
LA,55,1.005,2.0,0,2,49.20347263103488,267,False,4.5543601512908936,
LA,42,1.005,2.5,1,2,50.85676693272052,303,False,4.555437326431274,
LA,43,1.005,2.5,1,2,50.85676693272052,303,False,4.7947471141815186,
LA,44,1.005,2.5,1,2,50.85676693272052,303,False,4.251638174057007,
LA,45,1.005,2.5,1,2,50.85676693272052,303,False,4.398732423782349,
LA,46,1.005,2.5,1,2,50.85676693272052,303,False,4.45361852645874,
LA,47,1.005,2.5,1,2,50.85676693272052,303,False,4.576959848403931,
LA,48,1.005,2.5,1,2,50.85676693272052,303,False,4.850985050201416,
LA,49,1.005,2.5,1,2,50.85676693272052,303,False,7.029735326766968,
LA,50,1.005,2.5,1,2,50.85676693272052,303,False,5.287035942077637,
LA,51,1.005,2.5,1,2,50.85676693272052,303,False,5.766672849655151,
LA,52,1.005,2.5,1,2,50.85676693272052,303,False,4.565598964691162,
LA,53,1.005,2.5,1,2,50.85676693272052,303,False,4.0529491901397705,
LA,54,1.005,2.5,1,2,50.85676693272052,303,False,3.9054114818573,
LA,55,1.005,2.5,1,2,50.85676693272052,303,False,4.0894105434417725,
LA,42,1.005,3.0,1,2,51.762518423145764,191,False,3.864854574203491,
LA,43,1.005,3.0,1,2,51.762518423145764,191,False,3.995556354522705,
LA,44,1.005,3.0,1,2,51.762518423145764,191,False,3.7604899406433105,
LA,45,1.005,3.0,1,2,51.762518423145764,191,False,3.866457462310791,
LA,46,1.005,3.0,1,2,51.762518423145764,191,False,3.57194185256958,
LA,47,1.005,3.0,1,2,51.762518423145764,191,False,4.176603317260742,
LA,48,1.005,3.0,1,2,51.762518423145764,191,False,3.906137228012085,
LA,49,1.005,3.0,1,2,51.762518423145764,191,False,3.672656297683716,
LA,50,1.005,3.0,1,2,51.762518423145764,191,False,3.747636079788208,
LA,51,1.005,3.0,1,2,51.762518423145764,191,False,3.6289100646972656,
LA,52,1.005,3.0,1,2,51.762518423145764,191,False,3.8940443992614746,
LA,53,1.005,3.0,1,2,51.762518423145764,191,False,3.7785706520080566,
LA,54,1.005,3.0,1,2,51.762518423145764,191,False,3.82466721534729,
LA,55,1.005,3.0,1,2,51.762518423145764,191,False,3.8209140300750732,
LA,42,1.005,4.0,1,2,51.762518423145764,191,False,3.5519423484802246,
LA,43,1.005,4.0,1,2,51.762518423145764,191,False,3.7562413215637207,
LA,44,1.005,4.0,1,2,51.762518423145764,191,False,4.032307147979736,
LA,45,1.005,4.0,1,2,51.762518423145764,191,False,3.989501953125,
LA,46,1.005,4.0,1,2,51.762518423145764,191,False,3.8855321407318115,
LA,47,1.005,4.0,1,2,51.762518423145764,191,False,3.8893024921417236,
LA,48,1.005,4.0,1,2,51.762518423145764,191,False,4.048721790313721,
LA,49,1.005,4.0,1,2,51.762518423145764,191,False,3.8498570919036865,
LA,50,1.005,4.0,1,2,51.762518423145764,191,False,3.781745195388794,
LA,51,1.005,4.0,1,2,51.762518423145764,191,False,3.7714433670043945,
LA,52,1.005,4.0,1,2,51.762518423145764,191,False,3.6415956020355225,
LA,53,1.005,4.0,1,2,51.762518423145764,191,False,3.9963858127593994,
LA,54,1.005,4.0,1,2,51.762518423145764,191,False,3.647409677505493,
LA,55,1.005,4.0,1,2,51.762518423145764,191,False,3.861171007156372,
LA,42,1.005,5.0,1,2,51.762518423145764,191,False,3.685427188873291,
LA,43,1.005,5.0,1,2,51.762518423145764,191,False,3.7833924293518066,
LA,44,1.005,5.0,1,2,51.762518423145764,191,False,3.7602922916412354,
LA,45,1.005,5.0,1,2,51.762518423145764,191,False,3.564265251159668,
LA,46,1.005,5.0,1,2,51.762518423145764,191,False,3.5896522998809814,
LA,47,1.005,5.0,1,2,51.762518423145764,191,False,3.6380348205566406,
LA,48,1.005,5.0,1,2,51.762518423145764,191,False,3.6192808151245117,
LA,49,1.005,5.0,1,2,51.762518423145764,191,False,3.6014621257781982,
LA,50,1.005,5.0,1,2,51.762518423145764,191,False,3.5123684406280518,
LA,51,1.005,5.0,1,2,51.762518423145764,191,False,3.549700975418091,
LA,52,1.005,5.0,1,2,51.762518423145764,191,False,3.5283267498016357,
LA,53,1.005,5.0,1,2,51.762518423145764,191,False,3.4432790279388428,
LA,54,1.005,5.0,1,2,51.762518423145764,191,False,3.511023998260498,
LA,55,1.005,5.0,1,2,51.762518423145764,191,False,3.388183355331421,
LA,42,1.005,7.0,1,2,51.762518423145764,191,False,3.443181037902832,
LA,43,1.005,7.0,1,2,51.762518423145764,191,False,3.4694840908050537,
LA,44,1.005,7.0,1,2,51.762518423145764,191,False,3.4582767486572266,
LA,45,1.005,7.0,1,2,51.762518423145764,191,False,3.508357048034668,
LA,46,1.005,7.0,1,2,51.762518423145764,191,False,3.4582691192626953,
LA,47,1.005,7.0,1,2,51.762518423145764,191,False,3.36533784866333,
LA,48,1.005,7.0,1,2,51.762518423145764,191,False,3.6313188076019287,
LA,49,1.005,7.0,1,2,51.762518423145764,191,False,3.45788836479187,
LA,50,1.005,7.0,1,2,51.762518423145764,191,False,3.5256528854370117,
LA,51,1.005,7.0,1,2,51.762518423145764,191,False,3.4063913822174072,
LA,52,1.005,7.0,1,2,51.762518423145764,191,False,3.457589626312256,
LA,53,1.005,7.0,1,2,51.762518423145764,191,False,3.3803629875183105,
LA,54,1.005,7.0,1,2,51.762518423145764,191,False,3.3668594360351562,
LA,55,1.005,7.0,1,2,51.762518423145764,191,False,3.4074485301971436,
LA,42,1.005,10.0,1,2,51.762518423145764,191,False,3.3236026763916016,
LA,43,1.005,10.0,1,2,51.762518423145764,191,False,3.408083438873291,
LA,44,1.005,10.0,1,2,51.762518423145764,191,False,3.3987324237823486,
LA,45,1.005,10.0,1,2,51.762518423145764,191,False,3.317918062210083,
LA,46,1.005,10.0,1,2,51.762518423145764,191,False,3.384291172027588,
LA,47,1.005,10.0,1,2,51.762518423145764,191,False,3.479187250137329,
LA,48,1.005,10.0,1,2,51.762518423145764,191,False,3.3615286350250244,
LA,49,1.005,10.0,1,2,51.762518423145764,191,False,3.3965182304382324,
LA,50,1.005,10.0,1,2,51.762518423145764,191,False,3.3739213943481445,
LA,51,1.005,10.0,1,2,51.762518423145764,191,False,3.392796516418457,
LA,52,1.005,10.0,1,2,51.762518423145764,191,False,3.3582887649536133,
LA,53,1.005,10.0,1,2,51.762518423145764,191,False,3.3079419136047363,
LA,54,1.005,10.0,1,2,51.762518423145764,191,False,3.434436082839966,
LA,55,1.005,10.0,1,2,51.762518423145764,191,False,3.3367371559143066,
MS,42,1.005,1.1,2,2,54.039259368126835,104,True,4.0566253662109375,
MS,43,1.005,1.1,2,2,54.039259368126835,104,True,3.9446187019348145,
MS,44,1.005,1.1,2,2,54.039259368126835,104,True,3.9228265285491943,
MS,45,1.005,1.1,2,2,54.039259368126835,104,True,3.907953977584839,
MS,46,1.005,1.1,2,2,54.039259368126835,104,True,4.044703722000122,
MS,47,1.005,1.1,2,2,54.039259368126835,104,True,4.004120349884033,
MS,48,1.005,1.1,2,2,54.039259368126835,104,True,3.952157974243164,
MS,49,1.005,1.1,2,2,54.039259368126835,104,True,4.036917686462402,
MS,50,1.005,1.1,2,2,54.039259368126835,104,True,3.9323172569274902,
MS,51,1.005,1.1,2,2,54.039259368126835,104,True,3.9858171939849854,
MS,52,1.005,1.1,2,2,54.039259368126835,104,True,4.090061187744141,
MS,53,1.005,1.1,2,2,54.039259368126835,104,True,4.1118834018707275,
MS,54,1.005,1.1,2,2,54.039259368126835,104,True,4.0377888679504395,
MS,55,1.005,1.1,2,2,54.039259368126835,104,True,4.013465642929077,
MS,42,1.005,1.3,2,2,54.2503006571941,106,True,3.9599196910858154,
MS,43,1.005,1.3,2,2,54.2503006571941,106,True,3.8718273639678955,
MS,44,1.005,1.3,2,2,54.2503006571941,106,True,3.8041841983795166,
MS,45,1.005,1.3,2,2,54.2503006571941,106,True,3.9094135761260986,
MS,46,1.005,1.3,2,2,54.2503006571941,106,True,3.942328453063965,
MS,47,1.005,1.3,2,2,54.2503006571941,106,True,3.940202236175537,
MS,48,1.005,1.3,2,2,54.2503006571941,106,True,3.9568111896514893,
MS,49,1.005,1.3,2,2,54.2503006571941,106,True,3.915701150894165,
MS,50,1.005,1.3,2,2,54.2503006571941,106,True,3.9106717109680176,
MS,51,1.005,1.3,2,2,54.2503006571941,106,True,3.9370784759521484,
MS,52,1.005,1.3,2,2,54.2503006571941,106,True,3.93699312210083,
MS,53,1.005,1.3,2,2,54.2503006571941,106,True,3.9122841358184814,
MS,54,1.005,1.3,2,2,54.2503006571941,106,True,4.007449626922607,
MS,55,1.005,1.3,2,2,54.2503006571941,106,True,4.040048122406006,
MS,42,1.005,1.5,2,2,54.34616309313051,95,True,3.9302291870117188,
MS,43,1.005,1.5,2,2,54.34616309313051,95,True,3.9212305545806885,
MS,44,1.005,1.5,2,2,54.34616309313051,95,True,4.062911510467529,
MS,45,1.005,1.5,2,2,54.34616309313051,95,True,4.021470785140991,
MS,46,1.005,1.5,2,2,54.34616309313051,95,True,4.04727840423584,
MS,47,1.005,1.5,2,2,54.34616309313051,95,True,4.010021924972534,
MS,48,1.005,1.5,2,2,54.34616309313051,95,True,4.043383359909058,
MS,49,1.005,1.5,2,2,54.34616309313051,95,True,4.015461206436157,
MS,50,1.005,1.5,2,2,54.34616309313051,95,True,4.0046539306640625,
MS,51,1.005,1.5,2,2,54.34616309313051,95,True,3.9862074851989746,
MS,52,1.005,1.5,2,2,54.34616309313051,95,True,3.9230992794036865,
MS,53,1.005,1.5,2,2,54.34616309313051,95,True,3.7660491466522217,
MS,54,1.005,1.5,2,2,54.34616309313051,95,True,3.8456900119781494,
MS,55,1.005,1.5,2,2,54.34616309313051,95,True,3.817265033721924,
MS,42,1.005,2.0,1,2,56.45830332127466,127,False,3.830629348754883,
MS,43,1.005,2.0,1,2,56.45830332127466,127,False,3.7579421997070312,
MS,44,1.005,2.0,1,2,56.45830332127466,127,False,3.804525852203369,
MS,45,1.005,2.0,1,2,56.45830332127466,127,False,3.8364481925964355,
MS,46,1.005,2.0,1,2,56.45830332127466,127,False,3.8071296215057373,
MS,47,1.005,2.0,1,2,56.45830332127466,127,False,3.73201060295105,
MS,48,1.005,2.0,1,2,56.45830332127466,127,False,3.777510166168213,
MS,49,1.005,2.0,1,2,56.45830332127466,127,False,3.8127784729003906,
MS,50,1.005,2.0,1,2,56.45830332127466,127,False,3.867629051208496,
MS,51,1.005,2.0,1,2,56.45830332127466,127,False,3.759333610534668,
MS,52,1.005,2.0,1,2,56.45830332127466,127,False,3.880295991897583,
MS,53,1.005,2.0,1,2,56.45830332127466,127,False,3.767932891845703,
MS,54,1.005,2.0,1,2,56.45830332127466,127,False,3.8224873542785645,
MS,55,1.005,2.0,1,2,56.45830332127466,127,False,3.914341449737549,
MS,42,1.005,2.5,2,2,53.23375377432076,96,True,3.9322054386138916,
MS,43,1.005,2.5,2,2,53.23375377432076,96,True,3.92128586769104,
MS,44,1.005,2.5,2,2,53.23375377432076,96,True,3.9984278678894043,
MS,45,1.005,2.5,2,2,53.23375377432076,96,True,3.9104807376861572,
MS,46,1.005,2.5,2,2,53.23375377432076,96,True,3.9336798191070557,
MS,47,1.005,2.5,2,2,53.23375377432076,96,True,3.9839327335357666,
MS,48,1.005,2.5,2,2,53.23375377432076,96,True,3.934187889099121,
MS,49,1.005,2.5,2,2,53.23375377432076,96,True,3.952075242996216,
MS,50,1.005,2.5,2,2,53.23375377432076,96,True,3.998222827911377,
MS,51,1.005,2.5,2,2,53.23375377432076,96,True,4.947749853134155,
MS,52,1.005,2.5,2,2,53.23375377432076,96,True,4.982518196105957,
MS,53,1.005,2.5,2,2,53.23375377432076,96,True,4.725398540496826,
MS,54,1.005,2.5,2,2,53.23375377432076,96,True,4.684728384017944,
MS,55,1.005,2.5,2,2,53.23375377432076,96,True,4.67213773727417,
MS,42,1.005,3.0,2,2,53.23375377432076,96,True,4.544839859008789,
MS,43,1.005,3.0,2,2,53.23375377432076,96,True,4.38979697227478,
MS,44,1.005,3.0,2,2,53.23375377432076,96,True,5.405187129974365,
MS,45,1.005,3.0,2,2,53.23375377432076,96,True,5.07867956161499,
MS,46,1.005,3.0,2,2,53.23375377432076,96,True,4.997329235076904,
MS,47,1.005,3.0,2,2,53.23375377432076,96,True,4.360836505889893,
MS,48,1.005,3.0,2,2,53.23375377432076,96,True,4.090811491012573,
MS,49,1.005,3.0,2,2,53.23375377432076,96,True,3.928954839706421,
MS,50,1.005,3.0,2,2,53.23375377432076,96,True,4.054400444030762,
MS,51,1.005,3.0,2,2,53.23375377432076,96,True,3.9904046058654785,
MS,52,1.005,3.0,2,2,53.23375377432076,96,True,4.03062891960144,
MS,53,1.005,3.0,2,2,53.23375377432076,96,True,4.091465473175049,
MS,54,1.005,3.0,2,2,53.23375377432076,96,True,4.265622615814209,
MS,55,1.005,3.0,2,2,53.23375377432076,96,True,4.503863096237183,
MS,42,1.005,4.0,2,2,53.23375377432076,96,True,4.219475507736206,
MS,43,1.005,4.0,2,2,53.23375377432076,96,True,4.193028450012207,
MS,44,1.005,4.0,2,2,53.23375377432076,96,True,4.4536566734313965,
MS,45,1.005,4.0,2,2,53.23375377432076,96,True,4.344445705413818,
MS,46,1.005,4.0,2,2,53.23375377432076,96,True,4.208603143692017,
MS,47,1.005,4.0,2,2,53.23375377432076,96,True,4.17467474937439,
MS,48,1.005,4.0,2,2,53.23375377432076,96,True,4.779218673706055,
MS,49,1.005,4.0,2,2,53.23375377432076,96,True,4.140431642532349,
MS,50,1.005,4.0,2,2,53.23375377432076,96,True,4.263231515884399,
MS,51,1.005,4.0,2,2,53.23375377432076,96,True,4.26706862449646,
MS,52,1.005,4.0,2,2,53.23375377432076,96,True,4.576523303985596,
MS,53,1.005,4.0,2,2,53.23375377432076,96,True,4.3928656578063965,
MS,54,1.005,4.0,2,2,53.23375377432076,96,True,4.1907007694244385,
MS,55,1.005,4.0,2,2,53.23375377432076,96,True,4.51997971534729,
MS,42,1.005,5.0,2,2,53.23375377432076,96,True,4.458824157714844,
MS,43,1.005,5.0,2,2,53.23375377432076,96,True,4.991239786148071,
MS,44,1.005,5.0,2,2,53.23375377432076,96,True,4.684093952178955,
MS,45,1.005,5.0,2,2,53.23375377432076,96,True,5.37164044380188,
MS,46,1.005,5.0,2,2,53.23375377432076,96,True,4.802748680114746,
MS,47,1.005,5.0,2,2,53.23375377432076,96,True,4.366147518157959,
MS,48,1.005,5.0,2,2,53.23375377432076,96,True,4.476504325866699,
MS,49,1.005,5.0,2,2,53.23375377432076,96,True,4.468590259552002,
MS,50,1.005,5.0,2,2,53.23375377432076,96,True,4.8133909702301025,
MS,51,1.005,5.0,2,2,53.23375377432076,96,True,4.345897197723389,
MS,52,1.005,5.0,2,2,53.23375377432076,96,True,4.479247808456421,
MS,53,1.005,5.0,2,2,53.23375377432076,96,True,4.598414897918701,
MS,54,1.005,5.0,2,2,53.23375377432076,96,True,5.372621774673462,
MS,55,1.005,5.0,2,2,53.23375377432076,96,True,4.52666974067688,
MS,42,1.005,7.0,2,2,53.23375377432076,96,True,4.604702472686768,
MS,43,1.005,7.0,2,2,53.23375377432076,96,True,4.26082181930542,
MS,44,1.005,7.0,2,2,53.23375377432076,96,True,4.150248765945435,
MS,45,1.005,7.0,2,2,53.23375377432076,96,True,4.060014963150024,
MS,46,1.005,7.0,2,2,53.23375377432076,96,True,3.9370181560516357,
MS,47,1.005,7.0,2,2,53.23375377432076,96,True,3.9746477603912354,
MS,48,1.005,7.0,2,2,53.23375377432076,96,True,3.856825590133667,
MS,49,1.005,7.0,2,2,53.23375377432076,96,True,3.961948871612549,
MS,50,1.005,7.0,2,2,53.23375377432076,96,True,3.883167266845703,
MS,51,1.005,7.0,2,2,53.23375377432076,96,True,4.058853387832642,
MS,52,1.005,7.0,2,2,53.23375377432076,96,True,4.005678415298462,
MS,53,1.005,7.0,2,2,53.23375377432076,96,True,3.8533058166503906,
MS,54,1.005,7.0,2,2,53.23375377432076,96,True,3.9250874519348145,
MS,55,1.005,7.0,2,2,53.23375377432076,96,True,3.8633172512054443,
MS,42,1.005,10.0,2,2,53.23375377432076,96,True,3.9267444610595703,
MS,43,1.005,10.0,2,2,53.23375377432076,96,True,4.147683620452881,
MS,44,1.005,10.0,2,2,53.23375377432076,96,True,4.149038553237915,
MS,45,1.005,10.0,2,2,53.23375377432076,96,True,4.256671905517578,
MS,46,1.005,10.0,2,2,53.23375377432076,96,True,4.217365026473999,
MS,47,1.005,10.0,2,2,53.23375377432076,96,True,4.351474046707153,
MS,48,1.005,10.0,2,2,53.23375377432076,96,True,4.1557934284210205,
MS,49,1.005,10.0,2,2,53.23375377432076,96,True,4.077186107635498,
MS,50,1.005,10.0,2,2,53.23375377432076,96,True,4.204961538314819,
MS,51,1.005,10.0,2,2,53.23375377432076,96,True,4.051047086715698,
MS,52,1.005,10.0,2,2,53.23375377432076,96,True,4.091816663742065,
MS,53,1.005,10.0,2,2,53.23375377432076,96,True,4.060267925262451,
MS,54,1.005,10.0,2,2,53.23375377432076,96,True,3.91896653175354,
MS,55,1.005,10.0,2,2,53.23375377432076,96,True,3.981570243835449,
SC,42,1.005,1.1,1,3,50.041895022546825,396,False,3.932400941848755,
SC,43,1.005,1.1,1,3,50.041895022546825,396,False,3.8372671604156494,
SC,44,1.005,1.1,1,3,50.041895022546825,396,False,3.895054578781128,
SC,45,1.005,1.1,1,3,50.041895022546825,396,False,3.906651258468628,
SC,46,1.005,1.1,1,3,50.041895022546825,396,False,4.000460386276245,
SC,47,1.005,1.1,1,3,50.041895022546825,396,False,3.841791868209839,
SC,48,1.005,1.1,1,3,50.041895022546825,396,False,3.871974468231201,
SC,49,1.005,1.1,1,3,50.041895022546825,396,False,3.782407283782959,
SC,50,1.005,1.1,1,3,50.041895022546825,396,False,3.8399884700775146,
SC,51,1.005,1.1,1,3,50.041895022546825,396,False,3.99784779548645,
SC,52,1.005,1.1,1,3,50.041895022546825,396,False,3.868894338607788,
SC,53,1.005,1.1,1,3,50.041895022546825,396,False,3.9425454139709473,
SC,54,1.005,1.1,1,3,50.041895022546825,396,False,3.8992273807525635,
SC,55,1.005,1.1,1,3,50.041895022546825,396,False,4.055959701538086,
SC,42,1.005,1.3,0,3,47.54488981758237,322,False,3.87160062789917,
SC,43,1.005,1.3,0,3,47.54488981758237,322,False,4.062726974487305,
SC,44,1.005,1.3,0,3,47.54488981758237,322,False,3.8493056297302246,
SC,45,1.005,1.3,0,3,47.54488981758237,322,False,3.9382832050323486,
SC,46,1.005,1.3,0,3,47.54488981758237,322,False,4.046338796615601,
SC,47,1.005,1.3,0,3,47.54488981758237,322,False,3.7912182807922363,
SC,48,1.005,1.3,0,3,47.54488981758237,322,False,4.056914567947388,
SC,49,1.005,1.3,0,3,47.54488981758237,322,False,4.103406190872192,
SC,50,1.005,1.3,0,3,47.54488981758237,322,False,4.040973424911499,
SC,51,1.005,1.3,0,3,47.54488981758237,322,False,4.164102077484131,
SC,52,1.005,1.3,0,3,47.54488981758237,322,False,3.9004197120666504,
SC,53,1.005,1.3,0,3,47.54488981758237,322,False,3.928697109222412,
SC,54,1.005,1.3,0,3,47.54488981758237,322,False,4.178334951400757,
SC,55,1.005,1.3,0,3,47.54488981758237,322,False,4.254885911941528,
SC,42,1.005,1.5,1,3,53.32262862106635,324,False,4.1257712841033936,
SC,43,1.005,1.5,1,3,53.32262862106635,324,False,4.197203636169434,
SC,44,1.005,1.5,1,3,53.32262862106635,324,False,4.1971821784973145,
SC,45,1.005,1.5,1,3,53.32262862106635,324,False,4.026574373245239,
SC,46,1.005,1.5,1,3,53.32262862106635,324,False,3.9950366020202637,
SC,47,1.005,1.5,1,3,53.32262862106635,324,False,3.9640398025512695,
SC,48,1.005,1.5,1,3,53.32262862106635,324,False,3.882185935974121,
SC,49,1.005,1.5,1,3,53.32262862106635,324,False,3.929337978363037,
SC,50,1.005,1.5,1,3,53.32262862106635,324,False,4.001281261444092,
SC,51,1.005,1.5,1,3,53.32262862106635,324,False,3.9986746311187744,
SC,52,1.005,1.5,1,3,53.32262862106635,324,False,4.001864194869995,
SC,53,1.005,1.5,1,3,53.32262862106635,324,False,3.941396713256836,
SC,54,1.005,1.5,1,3,53.32262862106635,324,False,4.225095272064209,
SC,55,1.005,1.5,1,3,53.32262862106635,324,False,4.392932176589966,
SC,42,1.005,2.0,1,3,52.23942045265548,224,False,4.148229598999023,
SC,43,1.005,2.0,1,3,52.23942045265548,224,False,4.1515161991119385,
SC,44,1.005,2.0,1,3,52.23942045265548,224,False,3.994594097137451,
SC,45,1.005,2.0,1,3,52.23942045265548,224,False,4.1266930103302,
SC,46,1.005,2.0,1,3,52.23942045265548,224,False,3.760451555252075,
SC,47,1.005,2.0,1,3,52.23942045265548,224,False,3.987673282623291,
SC,48,1.005,2.0,1,3,52.23942045265548,224,False,3.8579928874969482,
SC,49,1.005,2.0,1,3,52.23942045265548,224,False,3.844334840774536,
SC,50,1.005,2.0,1,3,52.23942045265548,224,False,3.885309934616089,
SC,51,1.005,2.0,1,3,52.23942045265548,224,False,3.5984268188476562,
SC,52,1.005,2.0,1,3,52.23942045265548,224,False,3.6762917041778564,
SC,53,1.005,2.0,1,3,52.23942045265548,224,False,3.608227252960205,
SC,54,1.005,2.0,1,3,52.23942045265548,224,False,3.5578038692474365,
SC,55,1.005,2.0,1,3,52.23942045265548,224,False,3.608818292617798,
SC,42,1.005,2.5,0,3,46.56405561595239,223,False,3.8239073753356934,
SC,43,1.005,2.5,0,3,46.56405561595239,223,False,3.7930948734283447,
SC,44,1.005,2.5,0,3,46.56405561595239,223,False,3.837634801864624,
SC,45,1.005,2.5,0,3,46.56405561595239,223,False,3.866265058517456,
SC,46,1.005,2.5,0,3,46.56405561595239,223,False,3.752469301223755,
SC,47,1.005,2.5,0,3,46.56405561595239,223,False,3.7751054763793945,
SC,48,1.005,2.5,0,3,46.56405561595239,223,False,3.858186960220337,
SC,49,1.005,2.5,0,3,46.56405561595239,223,False,4.463481426239014,
SC,50,1.005,2.5,0,3,46.56405561595239,223,False,3.799598455429077,
SC,51,1.005,2.5,0,3,46.56405561595239,223,False,3.700944662094116,
SC,52,1.005,2.5,0,3,46.56405561595239,223,False,4.097751617431641,
SC,53,1.005,2.5,0,3,46.56405561595239,223,False,4.01736307144165,
SC,54,1.005,2.5,0,3,46.56405561595239,223,False,3.998077869415283,
SC,55,1.005,2.5,0,3,46.56405561595239,223,False,3.958735466003418,
SC,42,1.005,3.0,0,3,46.569396599319205,254,False,4.137753486633301,
SC,43,1.005,3.0,0,3,46.569396599319205,254,False,4.171750068664551,
SC,44,1.005,3.0,0,3,46.569396599319205,254,False,4.281741142272949,
SC,45,1.005,3.0,0,3,46.569396599319205,254,False,4.085101127624512,
SC,46,1.005,3.0,0,3,46.569396599319205,254,False,4.073762893676758,
SC,47,1.005,3.0,0,3,46.569396599319205,254,False,3.9276347160339355,
SC,48,1.005,3.0,0,3,46.569396599319205,254,False,3.966262102127075,
SC,49,1.005,3.0,0,3,46.569396599319205,254,False,3.9132120609283447,
SC,50,1.005,3.0,0,3,46.569396599319205,254,False,3.871675491333008,
SC,51,1.005,3.0,0,3,46.569396599319205,254,False,4.00921893119812,
SC,52,1.005,3.0,0,3,46.569396599319205,254,False,4.250986099243164,
SC,53,1.005,3.0,0,3,46.569396599319205,254,False,4.2367329597473145,
SC,54,1.005,3.0,0,3,46.569396599319205,254,False,4.344566822052002,
SC,55,1.005,3.0,0,3,46.569396599319205,254,False,4.313395023345947,
SC,42,1.005,4.0,0,3,45.48527886825722,217,False,4.04070258140564,
SC,43,1.005,4.0,0,3,45.48527886825722,217,False,4.1780500411987305,
SC,44,1.005,4.0,0,3,45.48527886825722,217,False,4.0536980628967285,
SC,45,1.005,4.0,0,3,45.48527886825722,217,False,4.049773216247559,
SC,46,1.005,4.0,0,3,45.48527886825722,217,False,4.108653783798218,
SC,47,1.005,4.0,0,3,45.48527886825722,217,False,4.023362398147583,
SC,48,1.005,4.0,0,3,45.48527886825722,217,False,4.53469705581665,
SC,49,1.005,4.0,0,3,45.48527886825722,217,False,4.385565519332886,
SC,50,1.005,4.0,0,3,45.48527886825722,217,False,4.576334238052368,
SC,51,1.005,4.0,0,3,45.48527886825722,217,False,4.571769952774048,
SC,52,1.005,4.0,0,3,45.48527886825722,217,False,4.514983177185059,
SC,53,1.005,4.0,0,3,45.48527886825722,217,False,4.174745082855225,
SC,54,1.005,4.0,0,3,45.48527886825722,217,False,5.283125162124634,
SC,55,1.005,4.0,0,3,45.48527886825722,217,False,4.340038061141968,
SC,42,1.005,5.0,1,3,50.11006154461882,215,False,4.608988046646118,
SC,43,1.005,5.0,1,3,50.11006154461882,215,False,4.216294288635254,
SC,44,1.005,5.0,1,3,50.11006154461882,215,False,4.615736246109009,
SC,45,1.005,5.0,1,3,50.11006154461882,215,False,4.40988302230835,
SC,46,1.005,5.0,1,3,50.11006154461882,215,False,4.3341310024261475,
SC,47,1.005,5.0,1,3,50.11006154461882,215,False,4.229415655136108,
SC,48,1.005,5.0,1,3,50.11006154461882,215,False,3.9996213912963867,
SC,49,1.005,5.0,1,3,50.11006154461882,215,False,4.210869550704956,
SC,50,1.005,5.0,1,3,50.11006154461882,215,False,3.9682135581970215,
SC,51,1.005,5.0,1,3,50.11006154461882,215,False,4.074156284332275,
SC,52,1.005,5.0,1,3,50.11006154461882,215,False,4.0616326332092285,
SC,53,1.005,5.0,1,3,50.11006154461882,215,False,3.8119306564331055,
SC,54,1.005,5.0,1,3,50.11006154461882,215,False,3.8153634071350098,
SC,55,1.005,5.0,1,3,50.11006154461882,215,False,4.203008651733398,
SC,42,1.005,7.0,0,3,45.7682770554736,226,False,3.859307289123535,
SC,43,1.005,7.0,0,3,45.7682770554736,226,False,3.921788454055786,
SC,44,1.005,7.0,0,3,45.7682770554736,226,False,3.882263660430908,
SC,45,1.005,7.0,0,3,45.7682770554736,226,False,3.850372314453125,
SC,46,1.005,7.0,0,3,45.7682770554736,226,False,3.8238332271575928,
SC,47,1.005,7.0,0,3,45.7682770554736,226,False,3.9676342010498047,
SC,48,1.005,7.0,0,3,45.7682770554736,226,False,4.13175630569458,
SC,49,1.005,7.0,0,3,45.7682770554736,226,False,4.0935773849487305,
SC,50,1.005,7.0,0,3,45.7682770554736,226,False,3.9554734230041504,
SC,51,1.005,7.0,0,3,45.7682770554736,226,False,4.294958114624023,
SC,52,1.005,7.0,0,3,45.7682770554736,226,False,4.041841745376587,
SC,53,1.005,7.0,0,3,45.7682770554736,226,False,4.267772674560547,
SC,54,1.005,7.0,0,3,45.7682770554736,226,False,4.20793604850769,
SC,55,1.005,7.0,0,3,45.7682770554736,226,False,4.1343159675598145,
SC,42,1.005,10.0,0,3,45.7682770554736,226,False,4.205562114715576,
SC,43,1.005,10.0,0,3,45.7682770554736,226,False,4.148774147033691,
SC,44,1.005,10.0,0,3,45.7682770554736,226,False,4.4147021770477295,
SC,45,1.005,10.0,0,3,45.7682770554736,226,False,4.403537750244141,
SC,46,1.005,10.0,0,3,45.7682770554736,226,False,4.198670148849487,
SC,47,1.005,10.0,0,3,45.7682770554736,226,False,4.054931163787842,
SC,48,1.005,10.0,0,3,45.7682770554736,226,False,3.9960668087005615,
SC,49,1.005,10.0,0,3,45.7682770554736,226,False,3.958099365234375,
SC,50,1.005,10.0,0,3,45.7682770554736,226,False,3.7706944942474365,
SC,51,1.005,10.0,0,3,45.7682770554736,226,False,4.003907918930054,
SC,52,1.005,10.0,0,3,45.7682770554736,226,False,4.607773065567017,
SC,53,1.005,10.0,0,3,45.7682770554736,226,False,4.461207389831543,
SC,54,1.005,10.0,0,3,45.7682770554736,226,False,3.9466757774353027,
SC,55,1.005,10.0,0,3,45.7682770554736,226,False,3.986363172531128,
