state,method,weight_factor,minority_threshold,district_id,minority_pct,is_mm,polsby_popper,reock,convex_hull_ratio,internal_edges,num_tracts
AL,baseline,1.0,,0,0.366289304316047,False,0.30256637034565675,0.6118217850294492,0.8312557202506028,607,201
AL,baseline,1.0,,1,0.49044342135121627,False,0.17618082180897612,0.6044457058466607,0.7751011626827425,683,239
AL,baseline,1.0,,2,0.3945821235712733,False,0.20621206228839745,0.646051930747282,0.7344530775309994,577,212
AL,baseline,1.0,,3,0.32803472233829767,False,0.22117832179581137,0.5308272753338156,0.7936879895327367,564,201
AL,baseline,1.0,,4,0.4343251982500268,False,0.21716566127520395,0.5548653507406832,0.733169592979918,585,198
AL,baseline,1.0,,5,0.3050072025031833,False,0.27698485708740156,0.6184678031407608,0.7946281465812234,529,186
AL,baseline,1.0,,6,0.2626516574427707,False,0.23942704772534748,0.6194444574848246,0.7251368390286452,551,200
GA,baseline,1.0,,0,0.7690249691073495,True,0.21078166979262022,0.4467254419893027,0.6906949642819855,677,234
GA,baseline,1.0,,1,0.7598389993803646,True,0.17273170123580003,0.4940533825513789,0.7167679386340328,505,181
GA,baseline,1.0,,2,0.4484570314031955,False,0.20993392185663767,0.483496954053457,0.7679557237718623,570,201
GA,baseline,1.0,,3,0.48089933470253793,False,0.1402366512871386,0.637140217401233,0.7163714766804157,597,213
GA,baseline,1.0,,4,0.450961203016164,False,0.12108864916991154,0.5135116428670871,0.6771294043127235,548,200
GA,baseline,1.0,,5,0.4336226907888022,False,0.27177137413601465,0.5775481603617109,0.7846708433046059,657,227
GA,baseline,1.0,,6,0.4768515791967187,False,0.16749655296313043,0.5146822805777754,0.6897865803914389,684,239
GA,baseline,1.0,,7,0.6042007933265547,True,0.19622694031132212,0.5542697876027343,0.7032147884508508,647,217
GA,baseline,1.0,,8,0.4344294922744221,False,0.2780257759888519,0.6239090553298174,0.8172720941102241,536,182
GA,baseline,1.0,,9,0.43050968222669683,False,0.2189979846277682,0.5711104219569539,0.7420828673834696,482,171
GA,baseline,1.0,,10,0.6158228361179174,True,0.2308605666818286,0.5511164377284726,0.7985705384914601,537,183
GA,baseline,1.0,,11,0.5623907491338435,True,0.2521203788441284,0.6399430397414041,0.7842745263137489,492,168
GA,baseline,1.0,,12,0.24145098433709283,False,0.20961968384068588,0.6631493450069297,0.8213680721308173,492,185
GA,baseline,1.0,,13,0.28388868421946484,False,0.18188049262296382,0.5764410400920595,0.7421700961320179,540,195
LA,baseline,1.0,,0,0.47936180632523134,False,0.28822658404385537,0.6268689447204827,0.786125334842186,572,187
LA,baseline,1.0,,1,0.5238466384362387,True,0.09436626200133867,0.2761819842268209,0.38756815984183407,854,283
LA,baseline,1.0,,2,0.45216809866694496,False,0.17426935757456485,0.5172120249916962,0.672068576289988,660,227
LA,baseline,1.0,,3,0.47767842204564703,False,0.38543417097469235,0.6905144181096351,0.9145854262487401,670,232
LA,baseline,1.0,,4,0.35325473230445564,False,0.17613144142457846,0.5296256476435645,0.7154141540354936,645,223
LA,baseline,1.0,,5,0.3686499000207298,False,0.1486195079369689,0.5345819585402412,0.7547792139746399,672,236
MS,baseline,1.0,,0,0.5255337588284844,True,0.25757195297791374,0.6971193383410379,0.8605124306086054,601,213
MS,baseline,1.0,,1,0.3454003297874208,False,0.3950208437027169,0.7656510790615889,0.9126964858480706,715,237
MS,baseline,1.0,,2,0.3766271364833018,False,0.27498726569954024,0.6791888830288582,0.8088581697763338,555,201
MS,baseline,1.0,,3,0.538227083996998,True,0.20857295127750433,0.5979840256781154,0.7938103254973146,623,227
SC,baseline,1.0,,0,0.3658635099018577,False,0.16964843538643873,0.5945661269812268,0.6392298312999214,475,174
SC,baseline,1.0,,1,0.33091831785586084,False,0.3844393691204367,0.6990675602317387,0.8731252876659775,519,174
SC,baseline,1.0,,2,0.28304529377020515,False,0.2735950723114476,0.5970284783130395,0.7777575256965811,589,201
SC,baseline,1.0,,3,0.37405189620758483,False,0.25906512858583364,0.6054564068310575,0.8068438713912752,484,166
SC,baseline,1.0,,4,0.3769240740361721,False,0.2567628062056354,0.6546631201496487,0.789329077914293,555,194
SC,baseline,1.0,,5,0.46321461179736406,False,0.19871650841484817,0.6697597753566357,0.7790891500746842,610,214
SC,baseline,1.0,,6,0.4584787150263601,False,0.12567296132913985,0.4413133133462389,0.6213250962935929,605,200
AL,edge_weighted,1.0,0.4,0,0.366289304316047,False,0.30256637034565675,0.6118217850294492,0.8312557202506028,607,201
AL,edge_weighted,1.0,0.4,1,0.49044342135121627,False,0.17618082180897612,0.6044457058466607,0.7751011626827425,683,239
AL,edge_weighted,1.0,0.4,2,0.3945821235712733,False,0.20621206228839745,0.646051930747282,0.7344530775309994,577,212
AL,edge_weighted,1.0,0.4,3,0.32803472233829767,False,0.22117832179581137,0.5308272753338156,0.7936879895327367,564,201
AL,edge_weighted,1.0,0.4,4,0.4343251982500268,False,0.21716566127520395,0.5548653507406832,0.733169592979918,585,198
AL,edge_weighted,1.0,0.4,5,0.3050072025031833,False,0.27698485708740156,0.6184678031407608,0.7946281465812234,529,186
AL,edge_weighted,1.0,0.4,6,0.2626516574427707,False,0.23942704772534748,0.6194444574848246,0.7251368390286452,551,200
AL,edge_weighted,1.0,0.45,0,0.366289304316047,False,0.30256637034565675,0.6118217850294492,0.8312557202506028,607,201
AL,edge_weighted,1.0,0.45,1,0.49044342135121627,False,0.17618082180897612,0.6044457058466607,0.7751011626827425,683,239
AL,edge_weighted,1.0,0.45,2,0.3945821235712733,False,0.20621206228839745,0.646051930747282,0.7344530775309994,577,212
AL,edge_weighted,1.0,0.45,3,0.32803472233829767,False,0.22117832179581137,0.5308272753338156,0.7936879895327367,564,201
AL,edge_weighted,1.0,0.45,4,0.4343251982500268,False,0.21716566127520395,0.5548653507406832,0.733169592979918,585,198
AL,edge_weighted,1.0,0.45,5,0.3050072025031833,False,0.27698485708740156,0.6184678031407608,0.7946281465812234,529,186
AL,edge_weighted,1.0,0.45,6,0.2626516574427707,False,0.23942704772534748,0.6194444574848246,0.7251368390286452,551,200
AL,edge_weighted,1.0,0.5,0,0.366289304316047,False,0.30256637034565675,0.6118217850294492,0.8312557202506028,607,201
AL,edge_weighted,1.0,0.5,1,0.49044342135121627,False,0.17618082180897612,0.6044457058466607,0.7751011626827425,683,239
AL,edge_weighted,1.0,0.5,2,0.3945821235712733,False,0.20621206228839745,0.646051930747282,0.7344530775309994,577,212
AL,edge_weighted,1.0,0.5,3,0.32803472233829767,False,0.22117832179581137,0.5308272753338156,0.7936879895327367,564,201
AL,edge_weighted,1.0,0.5,4,0.4343251982500268,False,0.21716566127520395,0.5548653507406832,0.733169592979918,585,198
AL,edge_weighted,1.0,0.5,5,0.3050072025031833,False,0.27698485708740156,0.6184678031407608,0.7946281465812234,529,186
AL,edge_weighted,1.0,0.5,6,0.2626516574427707,False,0.23942704772534748,0.6194444574848246,0.7251368390286452,551,200
AL,edge_weighted,1.0,0.55,0,0.366289304316047,False,0.30256637034565675,0.6118217850294492,0.8312557202506028,607,201
AL,edge_weighted,1.0,0.55,1,0.49044342135121627,False,0.17618082180897612,0.6044457058466607,0.7751011626827425,683,239
AL,edge_weighted,1.0,0.55,2,0.3945821235712733,False,0.20621206228839745,0.646051930747282,0.7344530775309994,577,212
AL,edge_weighted,1.0,0.55,3,0.32803472233829767,False,0.22117832179581137,0.5308272753338156,0.7936879895327367,564,201
AL,edge_weighted,1.0,0.55,4,0.4343251982500268,False,0.21716566127520395,0.5548653507406832,0.733169592979918,585,198
AL,edge_weighted,1.0,0.55,5,0.3050072025031833,False,0.27698485708740156,0.6184678031407608,0.7946281465812234,529,186
AL,edge_weighted,1.0,0.55,6,0.2626516574427707,False,0.23942704772534748,0.6194444574848246,0.7251368390286452,551,200
AL,edge_weighted,5.0,0.4,0,0.26269550860126284,False,0.151137947728615,0.5154678472633016,0.6652985139487009,555,203
AL,edge_weighted,5.0,0.4,1,0.2360294496789829,False,0.2403334057392375,0.5971263514997337,0.796130260558216,558,202
AL,edge_weighted,5.0,0.4,2,0.3230923322224656,False,0.2987532492568078,0.7147154589522972,0.865878121747466,533,182
AL,edge_weighted,5.0,0.4,3,0.38226704307267634,False,0.14748947365046725,0.5290557629699797,0.6568518178960684,626,233
AL,edge_weighted,5.0,0.4,4,0.508297658686116,True,0.3048269268716036,0.6882771137941165,0.810185116259965,632,219
AL,edge_weighted,5.0,0.4,5,0.36558216433005414,False,0.24399685420885533,0.4974207204174115,0.7386903004803343,607,201
AL,edge_weighted,5.0,0.4,6,0.5030436156455625,True,0.20866449098198167,0.6232911456030493,0.8047246256524193,589,197
AL,edge_weighted,5.0,0.45,0,0.30632798970995206,False,0.3396381322638193,0.6586643570675628,0.8514414216825231,533,184
AL,edge_weighted,5.0,0.45,1,0.5062454344201505,True,0.08119344525723327,0.41760860720083776,0.5438971137383685,575,202
AL,edge_weighted,5.0,0.45,2,0.28069417581253797,False,0.2799035545682297,0.5268972505095165,0.8554106836066386,581,206
AL,edge_weighted,5.0,0.45,3,0.3832016788560353,False,0.26525929113386265,0.5795165359420403,0.7601384018040303,610,217
AL,edge_weighted,5.0,0.45,4,0.5355647079619904,True,0.17105185784475946,0.516195471287788,0.7621228661104138,659,230
AL,edge_weighted,5.0,0.45,5,0.3702718721454819,False,0.30636477159991027,0.6204623515457914,0.8177777584836895,617,203
AL,edge_weighted,5.0,0.45,6,0.19935625066129095,False,0.2490905455916537,0.6136121651063214,0.7934234793926705,547,195
AL,edge_weighted,5.0,0.5,0,0.31022635126662523,False,0.1581768243668297,0.4443487254219543,0.6913458147176293,548,201
AL,edge_weighted,5.0,0.5,1,0.19162506237159813,False,0.09858376587497596,0.46519024326468966,0.6229237137888862,537,207
AL,edge_weighted,5.0,0.5,2,0.3201626839795518,False,0.18582748794558632,0.606194170549884,0.7677173131139551,518,180
AL,edge_weighted,5.0,0.5,3,0.4235857641981038,False,0.1833576338927076,0.5971570442702033,0.8206120465167849,618,224
AL,edge_weighted,5.0,0.5,4,0.47016277130290834,False,0.1769857921361638,0.5175589452389439,0.7351857087495999,634,222
AL,edge_weighted,5.0,0.5,5,0.3615350509053086,False,0.14278272811930864,0.547205967230098,0.6773532594483862,610,204
AL,edge_weighted,5.0,0.5,6,0.504271836269277,True,0.08653959107459334,0.42888951095389777,0.5990446736058389,569,199
AL,edge_weighted,5.0,0.55,0,0.297283485070865,False,0.13312970796835155,0.5431911645701447,0.6493378181282099,504,182
AL,edge_weighted,5.0,0.55,1,0.5327195611635915,True,0.057517715651184076,0.3876794678515594,0.49973212744807527,534,206
AL,edge_weighted,5.0,0.55,2,0.24325043353506934,False,0.07745482210267174,0.4977252020342766,0.6633360833138039,476,198
AL,edge_weighted,5.0,0.55,3,0.4973343329004353,False,0.11856793645224158,0.5080993400584877,0.6642306235049134,569,211
AL,edge_weighted,5.0,0.55,4,0.42421587987733717,False,0.08808222458390173,0.597523139301489,0.7246487608526446,595,236
AL,edge_weighted,5.0,0.55,5,0.35610922973151515,False,0.09016370249185059,0.3648672816606687,0.5401829803595464,582,202
AL,edge_weighted,5.0,0.55,6,0.2306688476816016,False,0.12188484461572853,0.5323859723216198,0.6662290273842827,544,202
AL,edge_weighted,10.0,0.4,0,0.3372680505792636,False,0.1428419360390993,0.5769149686023609,0.688962917929089,512,181
AL,edge_weighted,10.0,0.4,1,0.34454979404161484,False,0.21347431009216292,0.5028783413430767,0.7242797230335996,583,211
AL,edge_weighted,10.0,0.4,2,0.17262506501275157,False,0.1301884377828454,0.49897658387233307,0.6882543700022398,527,197
AL,edge_weighted,10.0,0.4,3,0.3680283518798166,False,0.3005485107483899,0.6382368392782348,0.8337430343577592,610,203
AL,edge_weighted,10.0,0.4,4,0.4639941725477415,False,0.18071947383631887,0.49023668370602697,0.7420455890032414,613,214
AL,edge_weighted,10.0,0.4,5,0.4979713695169563,False,0.18513650203023585,0.6114293525528667,0.7596084433397461,591,199
AL,edge_weighted,10.0,0.4,6,0.3968301331165617,False,0.20333880306169094,0.5878315186618498,0.789917975852046,638,232
AL,edge_weighted,10.0,0.45,0,0.31866409200830315,False,0.11760117143939214,0.42861568028184566,0.5559638304376318,493,187
AL,edge_weighted,10.0,0.45,1,0.3296924912335472,False,0.19288341312858717,0.5848007953260649,0.7888757555664552,527,189
AL,edge_weighted,10.0,0.45,2,0.21789245338116892,False,0.2793759558286619,0.6793005690785656,0.8653855882320927,567,203
AL,edge_weighted,10.0,0.45,3,0.4162152970397772,False,0.148126285659831,0.46749908053575245,0.654429689014159,639,233
AL,edge_weighted,10.0,0.45,4,0.3650253270744961,False,0.25547563013416885,0.6148913342644632,0.8018300504836519,600,200
AL,edge_weighted,10.0,0.45,5,0.5002229927861833,True,0.21734129684205092,0.6212863010100406,0.7765026186017209,629,220
AL,edge_weighted,10.0,0.45,6,0.43420156468279447,False,0.1103388445159959,0.4041295827324108,0.6276393814338759,563,205
AL,edge_weighted,10.0,0.5,0,0.3875597619007771,False,0.21537174079055607,0.661446803330416,0.7478036130566628,582,210
AL,edge_weighted,10.0,0.5,1,0.3573673522578235,False,0.11401800486519927,0.42680936926516655,0.5747374135665256,601,204
AL,edge_weighted,10.0,0.5,2,0.5589297729682139,True,0.17462690639991668,0.5413272787843176,0.7349152767602946,667,235
AL,edge_weighted,10.0,0.5,3,0.3176449607024378,False,0.27666234074933416,0.6448478113574589,0.8447680296946042,548,192
AL,edge_weighted,10.0,0.5,4,0.20008976322857705,False,0.26275687846549534,0.6455422644465825,0.8296290312971543,548,198
AL,edge_weighted,10.0,0.5,5,0.493616636402218,False,0.1396409234180634,0.49135007407332026,0.7020112977684145,589,198
AL,edge_weighted,10.0,0.5,6,0.2661693482129678,False,0.23677832400751433,0.6280540454503415,0.8599847696570219,562,200
AL,edge_weighted,10.0,0.55,0,0.48773618920472817,False,0.092421788948758,0.45353259361942044,0.5726937718560835,582,205
AL,edge_weighted,10.0,0.55,1,0.17845629836339053,False,0.20527281032016176,0.5641777249045611,0.708392690053163,569,205
AL,edge_weighted,10.0,0.55,2,0.33686668411760445,False,0.28700115281674277,0.567777473428928,0.8386450308736273,527,182
AL,edge_weighted,10.0,0.55,3,0.46886979529352335,False,0.30921476831743583,0.6676657712356592,0.8604579523296672,633,216
AL,edge_weighted,10.0,0.55,4,0.4100093336862488,False,0.13347815063907248,0.5682496592240512,0.6828863199133286,621,229
AL,edge_weighted,10.0,0.55,5,0.3700525516106999,False,0.20185263870395923,0.5686769443395483,0.7492024100593341,608,201
AL,edge_weighted,10.0,0.55,6,0.3297585413288307,False,0.15010173303276783,0.3837241845293695,0.6387442068671436,537,199
AL,edge_weighted,50.0,0.4,0,0.3347305247606156,False,0.19650335377313935,0.6690854540252607,0.736125196405479,521,180
AL,edge_weighted,50.0,0.4,1,0.5157214820762002,True,0.08269858585478067,0.36344938948909683,0.5394158601603852,558,203
AL,edge_weighted,50.0,0.4,2,0.17842737581557744,False,0.1728778453019063,0.6333487995699231,0.7497969881101638,566,209
AL,edge_weighted,50.0,0.4,3,0.5183835476209404,True,0.14143016881967221,0.5172604479956529,0.6717560673565506,606,218
AL,edge_weighted,50.0,0.4,4,0.253086987417966,False,0.13102274054573276,0.5316765652502273,0.7315361798500085,510,193
AL,edge_weighted,50.0,0.4,5,0.4127558566493162,False,0.1472657724052162,0.5073466146803634,0.7499072960107064,616,231
AL,edge_weighted,50.0,0.4,6,0.36865511531588585,False,0.27390521782640426,0.7111704030537189,0.8361818206883411,612,203
AL,edge_weighted,50.0,0.45,0,0.31032348773205354,False,0.14618673782348837,0.44026800003741534,0.7084937373206405,504,181
AL,edge_weighted,50.0,0.45,1,0.45277147469783524,False,0.0979078444039755,0.41160517617641096,0.5885660199021482,543,201
AL,edge_weighted,50.0,0.45,2,0.2637675829732463,False,0.09212134522387083,0.4758487416951295,0.576668943575029,497,199
AL,edge_weighted,50.0,0.45,3,0.36651656929867144,False,0.2770200625867353,0.5344211388088305,0.7551876828114177,606,200
AL,edge_weighted,50.0,0.45,4,0.38782545258113604,False,0.15649479564701177,0.5034276979278495,0.770305875032373,657,240
AL,edge_weighted,50.0,0.45,5,0.47685465318926457,False,0.17307357548123825,0.6849406571501394,0.7494606420686696,626,219
AL,edge_weighted,50.0,0.45,6,0.3236271996742153,False,0.08785613853260044,0.4534935844856316,0.6724422468679595,510,197
AL,edge_weighted,50.0,0.5,0,0.3523782035998277,False,0.16138196716645026,0.5022394007394003,0.6380305698865225,615,204
AL,edge_weighted,50.0,0.5,1,0.5570116916021655,True,0.20076631665812805,0.5484932279643565,0.7609396732560185,668,234
AL,edge_weighted,50.0,0.5,2,0.392796901965267,False,0.25114311417320767,0.6497600465328163,0.7769823739994788,576,208
AL,edge_weighted,50.0,0.5,3,0.4897552408563782,False,0.21006362301212825,0.5240774638786914,0.7356531780707657,600,200
AL,edge_weighted,50.0,0.5,4,0.27255198029119837,False,0.228800126802624,0.6056189646560889,0.8338740192254762,562,200
AL,edge_weighted,50.0,0.5,5,0.24197535329311332,False,0.23472674891883136,0.5418019128638631,0.7921505450746058,540,192
AL,edge_weighted,50.0,0.5,6,0.2749830298688247,False,0.24063493097295566,0.6952561059913225,0.8686794229592434,562,199
AL,edge_weighted,50.0,0.55,0,0.31563682236978596,False,0.19012577921986987,0.5283931851629016,0.7857976839900946,556,203
AL,edge_weighted,50.0,0.55,1,0.42821303332199745,False,0.1358709285594489,0.47276202050453947,0.653026501894267,612,226
AL,edge_weighted,50.0,0.55,2,0.4495529337072113,False,0.17896716144955827,0.593515882172032,0.7816859886367105,629,218
AL,edge_weighted,50.0,0.55,3,0.21317503823867634,False,0.3059092294558593,0.712065817184002,0.8386033508942906,548,195
AL,edge_weighted,50.0,0.55,4,0.3004292981351579,False,0.2911030020383287,0.7689869551039957,0.8785743639333307,546,193
AL,edge_weighted,50.0,0.55,5,0.50547702491127,True,0.1603861798696941,0.6089557586936013,0.7570570450879792,580,200
AL,edge_weighted,50.0,0.55,6,0.368804648480915,False,0.24427384172030073,0.5617377110279395,0.7611311943704877,612,202
AL,edge_weighted,100.0,0.4,0,0.32008560115993756,False,0.1955140976721699,0.6579129268340126,0.7829913160442484,527,185
AL,edge_weighted,100.0,0.4,1,0.5302437074396442,True,0.08254832282158218,0.4301160108645603,0.5796583869714896,596,210
AL,edge_weighted,100.0,0.4,2,0.18100363911759054,False,0.15978143209125847,0.5773148217661024,0.707415401497526,526,197
AL,edge_weighted,100.0,0.4,3,0.40952544124673185,False,0.14213009855310874,0.4588713810564472,0.6454862565943406,603,223
AL,edge_weighted,100.0,0.4,4,0.27463843724542747,False,0.22168475980753533,0.5476548238752982,0.7688809753106026,570,203
AL,edge_weighted,100.0,0.4,5,0.4950512956784747,False,0.3837670649503391,0.6738183265065643,0.8423821044852547,626,216
AL,edge_weighted,100.0,0.4,6,0.37078325810720175,False,0.3374030080580137,0.7124555037229657,0.8485930584937937,617,203
AL,edge_weighted,100.0,0.45,0,0.3524312740274416,False,0.09332772358887556,0.3627683931929781,0.4695424194717714,592,204
AL,edge_weighted,100.0,0.45,1,0.3354037526524202,False,0.24248895754959512,0.5875360126085549,0.8002935221506893,513,183
AL,edge_weighted,100.0,0.45,2,0.20652623631138373,False,0.13953837284328183,0.671298818155515,0.8232014282686131,510,197
AL,edge_weighted,100.0,0.45,3,0.5140733494697151,True,0.18179910568877575,0.5377937601665801,0.7078163019958265,603,214
AL,edge_weighted,100.0,0.45,4,0.3844631618848004,False,0.09260658423678145,0.4977806556930798,0.7634336261383395,603,236
AL,edge_weighted,100.0,0.45,5,0.5010721077820117,True,0.09748333612033562,0.42576018120869946,0.5773587783741388,569,202
AL,edge_weighted,100.0,0.45,6,0.28764630222391924,False,0.06474912431760274,0.47015875017917436,0.6640413405510279,496,201
AL,edge_weighted,100.0,0.5,0,0.3523782035998277,False,0.16138196716645026,0.5022394007394003,0.6380305698865225,615,204
AL,edge_weighted,100.0,0.5,1,0.5570116916021655,True,0.20076631665812805,0.5484932279643565,0.7609396732560185,668,234
AL,edge_weighted,100.0,0.5,2,0.392796901965267,False,0.25114311417320767,0.6497600465328163,0.7769823739994788,576,208
AL,edge_weighted,100.0,0.5,3,0.27255198029119837,False,0.228800126802624,0.6056189646560889,0.8338740192254762,562,200
AL,edge_weighted,100.0,0.5,4,0.4897552408563782,False,0.21006362301212825,0.5240774638786914,0.7356531780707657,600,200
AL,edge_weighted,100.0,0.5,5,0.24197535329311332,False,0.23472674891883136,0.5418019128638631,0.7921505450746058,540,192
AL,edge_weighted,100.0,0.5,6,0.2749830298688247,False,0.24063493097295566,0.6952561059913225,0.8686794229592434,562,199
AL,edge_weighted,100.0,0.55,0,0.33565375049782903,False,0.1338952126774823,0.4774210203249349,0.6450475931707333,564,207
AL,edge_weighted,100.0,0.55,1,0.5194745493550275,True,0.1174113036299626,0.534951282872038,0.6260233938975692,659,235
AL,edge_weighted,100.0,0.55,2,0.35854413610375124,False,0.088101873610142,0.4059025862335753,0.5284996550611308,506,198
AL,edge_weighted,100.0,0.55,3,0.23903213673784948,False,0.3226787655027997,0.6415890724334438,0.8160336282354239,525,190
AL,edge_weighted,100.0,0.55,4,0.2828367844007565,False,0.32220159199216375,0.7754126443378855,0.8818925607875205,569,199
AL,edge_weighted,100.0,0.55,5,0.48838093752133166,False,0.16298538732322687,0.5547329190889564,0.7121631346240158,586,201
AL,edge_weighted,100.0,0.55,6,0.3574987796516827,False,0.24455985410062425,0.5713136886877528,0.7149885156147566,623,207
GA,edge_weighted,1.0,0.4,0,0.7690249691073495,True,0.21078166979262022,0.4467254419893027,0.6906949642819855,677,234
GA,edge_weighted,1.0,0.4,1,0.7598389993803646,True,0.17273170123580003,0.4940533825513789,0.7167679386340328,505,181
GA,edge_weighted,1.0,0.4,2,0.4484570314031955,False,0.20993392185663767,0.483496954053457,0.7679557237718623,570,201
GA,edge_weighted,1.0,0.4,3,0.48089933470253793,False,0.1402366512871386,0.637140217401233,0.7163714766804157,597,213
GA,edge_weighted,1.0,0.4,4,0.450961203016164,False,0.12108864916991154,0.5135116428670871,0.6771294043127235,548,200
GA,edge_weighted,1.0,0.4,5,0.4336226907888022,False,0.27177137413601465,0.5775481603617109,0.7846708433046059,657,227
GA,edge_weighted,1.0,0.4,6,0.4768515791967187,False,0.16749655296313043,0.5146822805777754,0.6897865803914389,684,239
GA,edge_weighted,1.0,0.4,7,0.6042007933265547,True,0.19622694031132212,0.5542697876027343,0.7032147884508508,647,217
GA,edge_weighted,1.0,0.4,8,0.4344294922744221,False,0.2780257759888519,0.6239090553298174,0.8172720941102241,536,182
GA,edge_weighted,1.0,0.4,9,0.43050968222669683,False,0.2189979846277682,0.5711104219569539,0.7420828673834696,482,171
GA,edge_weighted,1.0,0.4,10,0.6158228361179174,True,0.2308605666818286,0.5511164377284726,0.7985705384914601,537,183
GA,edge_weighted,1.0,0.4,11,0.5623907491338435,True,0.2521203788441284,0.6399430397414041,0.7842745263137489,492,168
GA,edge_weighted,1.0,0.4,12,0.24145098433709283,False,0.20961968384068588,0.6631493450069297,0.8213680721308173,492,185
GA,edge_weighted,1.0,0.4,13,0.28388868421946484,False,0.18188049262296382,0.5764410400920595,0.7421700961320179,540,195
GA,edge_weighted,1.0,0.45,0,0.7690249691073495,True,0.21078166979262022,0.4467254419893027,0.6906949642819855,677,234
GA,edge_weighted,1.0,0.45,1,0.7598389993803646,True,0.17273170123580003,0.4940533825513789,0.7167679386340328,505,181
GA,edge_weighted,1.0,0.45,2,0.4484570314031955,False,0.20993392185663767,0.483496954053457,0.7679557237718623,570,201
GA,edge_weighted,1.0,0.45,3,0.48089933470253793,False,0.1402366512871386,0.637140217401233,0.7163714766804157,597,213
GA,edge_weighted,1.0,0.45,4,0.450961203016164,False,0.12108864916991154,0.5135116428670871,0.6771294043127235,548,200
GA,edge_weighted,1.0,0.45,5,0.4336226907888022,False,0.27177137413601465,0.5775481603617109,0.7846708433046059,657,227
GA,edge_weighted,1.0,0.45,6,0.4768515791967187,False,0.16749655296313043,0.5146822805777754,0.6897865803914389,684,239
GA,edge_weighted,1.0,0.45,7,0.6042007933265547,True,0.19622694031132212,0.5542697876027343,0.7032147884508508,647,217
GA,edge_weighted,1.0,0.45,8,0.4344294922744221,False,0.2780257759888519,0.6239090553298174,0.8172720941102241,536,182
GA,edge_weighted,1.0,0.45,9,0.43050968222669683,False,0.2189979846277682,0.5711104219569539,0.7420828673834696,482,171
GA,edge_weighted,1.0,0.45,10,0.6158228361179174,True,0.2308605666818286,0.5511164377284726,0.7985705384914601,537,183
GA,edge_weighted,1.0,0.45,11,0.5623907491338435,True,0.2521203788441284,0.6399430397414041,0.7842745263137489,492,168
GA,edge_weighted,1.0,0.45,12,0.24145098433709283,False,0.20961968384068588,0.6631493450069297,0.8213680721308173,492,185
GA,edge_weighted,1.0,0.45,13,0.28388868421946484,False,0.18188049262296382,0.5764410400920595,0.7421700961320179,540,195
GA,edge_weighted,1.0,0.5,0,0.7690249691073495,True,0.21078166979262022,0.4467254419893027,0.6906949642819855,677,234
GA,edge_weighted,1.0,0.5,1,0.7598389993803646,True,0.17273170123580003,0.4940533825513789,0.7167679386340328,505,181
GA,edge_weighted,1.0,0.5,2,0.4484570314031955,False,0.20993392185663767,0.483496954053457,0.7679557237718623,570,201
GA,edge_weighted,1.0,0.5,3,0.48089933470253793,False,0.1402366512871386,0.637140217401233,0.7163714766804157,597,213
GA,edge_weighted,1.0,0.5,4,0.450961203016164,False,0.12108864916991154,0.5135116428670871,0.6771294043127235,548,200
GA,edge_weighted,1.0,0.5,5,0.4336226907888022,False,0.27177137413601465,0.5775481603617109,0.7846708433046059,657,227
GA,edge_weighted,1.0,0.5,6,0.4768515791967187,False,0.16749655296313043,0.5146822805777754,0.6897865803914389,684,239
GA,edge_weighted,1.0,0.5,7,0.6042007933265547,True,0.19622694031132212,0.5542697876027343,0.7032147884508508,647,217
GA,edge_weighted,1.0,0.5,8,0.4344294922744221,False,0.2780257759888519,0.6239090553298174,0.8172720941102241,536,182
GA,edge_weighted,1.0,0.5,9,0.43050968222669683,False,0.2189979846277682,0.5711104219569539,0.7420828673834696,482,171
GA,edge_weighted,1.0,0.5,10,0.6158228361179174,True,0.2308605666818286,0.5511164377284726,0.7985705384914601,537,183
GA,edge_weighted,1.0,0.5,11,0.5623907491338435,True,0.2521203788441284,0.6399430397414041,0.7842745263137489,492,168
GA,edge_weighted,1.0,0.5,12,0.24145098433709283,False,0.20961968384068588,0.6631493450069297,0.8213680721308173,492,185
GA,edge_weighted,1.0,0.5,13,0.28388868421946484,False,0.18188049262296382,0.5764410400920595,0.7421700961320179,540,195
GA,edge_weighted,1.0,0.55,0,0.7690249691073495,True,0.21078166979262022,0.4467254419893027,0.6906949642819855,677,234
GA,edge_weighted,1.0,0.55,1,0.7598389993803646,True,0.17273170123580003,0.4940533825513789,0.7167679386340328,505,181
GA,edge_weighted,1.0,0.55,2,0.4484570314031955,False,0.20993392185663767,0.483496954053457,0.7679557237718623,570,201
GA,edge_weighted,1.0,0.55,3,0.48089933470253793,False,0.1402366512871386,0.637140217401233,0.7163714766804157,597,213
GA,edge_weighted,1.0,0.55,4,0.450961203016164,False,0.12108864916991154,0.5135116428670871,0.6771294043127235,548,200
GA,edge_weighted,1.0,0.55,5,0.4336226907888022,False,0.27177137413601465,0.5775481603617109,0.7846708433046059,657,227
GA,edge_weighted,1.0,0.55,6,0.4768515791967187,False,0.16749655296313043,0.5146822805777754,0.6897865803914389,684,239
GA,edge_weighted,1.0,0.55,7,0.6042007933265547,True,0.19622694031132212,0.5542697876027343,0.7032147884508508,647,217
GA,edge_weighted,1.0,0.55,8,0.4344294922744221,False,0.2780257759888519,0.6239090553298174,0.8172720941102241,536,182
GA,edge_weighted,1.0,0.55,9,0.43050968222669683,False,0.2189979846277682,0.5711104219569539,0.7420828673834696,482,171
GA,edge_weighted,1.0,0.55,10,0.6158228361179174,True,0.2308605666818286,0.5511164377284726,0.7985705384914601,537,183
GA,edge_weighted,1.0,0.55,11,0.5623907491338435,True,0.2521203788441284,0.6399430397414041,0.7842745263137489,492,168
GA,edge_weighted,1.0,0.55,12,0.24145098433709283,False,0.20961968384068588,0.6631493450069297,0.8213680721308173,492,185
GA,edge_weighted,1.0,0.55,13,0.28388868421946484,False,0.18188049262296382,0.5764410400920595,0.7421700961320179,540,195
GA,edge_weighted,5.0,0.4,0,0.323935350022,False,0.1507569861094345,0.5019193269158565,0.6918306666922427,580,212
GA,edge_weighted,5.0,0.4,1,0.7625901255352633,True,0.18469739709414879,0.5183520247816571,0.6760125052935759,515,180
GA,edge_weighted,5.0,0.4,2,0.31017619946951824,False,0.12937400056015516,0.42328537862875965,0.6657922781757375,474,180
GA,edge_weighted,5.0,0.4,3,0.4792584461072869,False,0.22765386669204618,0.6903839488148727,0.8239161312026847,694,238
GA,edge_weighted,5.0,0.4,4,0.5256859799975926,True,0.13430385391276753,0.47599573029309206,0.6294551545132088,617,215
GA,edge_weighted,5.0,0.4,5,0.4762156752067066,False,0.11918188659272169,0.5578530356451071,0.6975208347021538,585,205
GA,edge_weighted,5.0,0.4,6,0.4262903984938814,False,0.25125473629378453,0.5890103087357439,0.8134747410246245,652,223
GA,edge_weighted,5.0,0.4,7,0.24839072745647456,False,0.2566524886662706,0.5624472833700047,0.769195440261779,474,174
GA,edge_weighted,5.0,0.4,8,0.7361903878488739,True,0.22254483488086502,0.5673558729440324,0.7667475803004231,623,217
GA,edge_weighted,5.0,0.4,9,0.4767843844314663,False,0.1779472412109115,0.5481701226722251,0.6942821651592389,519,182
GA,edge_weighted,5.0,0.4,10,0.32771909828919626,False,0.2098766657002483,0.5403649220916326,0.7522381166286947,519,187
GA,edge_weighted,5.0,0.4,11,0.5070979516013695,True,0.22166569668685576,0.5519593775493814,0.7168401443206148,652,222
GA,edge_weighted,5.0,0.4,12,0.5534507610060674,True,0.28551931707815253,0.6064519575010086,0.8133324512136278,508,173
GA,edge_weighted,5.0,0.4,13,0.8381016444403808,True,0.3186067558999076,0.6308163035401131,0.7951359668412112,547,188
GA,edge_weighted,5.0,0.45,0,0.25003165833541124,False,0.24672471538548352,0.6178755181082076,0.7856320740139436,474,183
GA,edge_weighted,5.0,0.45,1,0.48836615542534983,False,0.11204242991083946,0.4078487904152688,0.571752767218331,487,176
GA,edge_weighted,5.0,0.45,2,0.31200599529463374,False,0.32254501952922615,0.5684632955206912,0.8305845553467663,509,177
GA,edge_weighted,5.0,0.45,3,0.7789511998476218,True,0.27637439563089683,0.6669904465235341,0.7996057319749839,581,198
GA,edge_weighted,5.0,0.45,4,0.7416720973633587,True,0.18651023780335418,0.5864929719947088,0.6773312819714713,530,186
GA,edge_weighted,5.0,0.45,5,0.43870527289111166,False,0.3218004016279553,0.6413385904681583,0.8422014594163693,543,191
GA,edge_weighted,5.0,0.45,6,0.6791689790481911,True,0.2298260443799816,0.539924365924534,0.7751898886043205,675,232
GA,edge_weighted,5.0,0.45,7,0.4287564478177373,False,0.1646786939257522,0.5141620623819922,0.6324100344887583,641,222
GA,edge_weighted,5.0,0.45,8,0.4494378200003402,False,0.13176479404330613,0.4329697436106604,0.6147244485351983,599,217
GA,edge_weighted,5.0,0.45,9,0.4980454656768058,False,0.3509983357742826,0.6198550368655955,0.8819452235281642,691,237
GA,edge_weighted,5.0,0.45,10,0.47012532331688783,False,0.2712877917657363,0.6804467026825768,0.8367772712978412,591,204
GA,edge_weighted,5.0,0.45,11,0.27218926390968784,False,0.15891652212964796,0.5037891145356365,0.661638732456753,539,200
GA,edge_weighted,5.0,0.45,12,0.6268984413038172,True,0.24310786043038746,0.6036615257700408,0.7787920177992007,603,201
GA,edge_weighted,5.0,0.45,13,0.5563889713585434,True,0.22854445150849312,0.5818236944037752,0.7861042100536173,496,172
GA,edge_weighted,5.0,0.5,0,0.4948770572164342,False,0.14020237428407187,0.4987347367088232,0.6673929098253989,604,215
GA,edge_weighted,5.0,0.5,1,0.4493103871707716,False,0.1806663317457201,0.5327869805336948,0.670269778813664,649,225
GA,edge_weighted,5.0,0.5,2,0.26420910600157005,False,0.17989718841596586,0.5462817913140507,0.6671407029360241,603,217
GA,edge_weighted,5.0,0.5,3,0.34680137324270877,False,0.16450781340139517,0.46865104919946343,0.6725452886255895,462,170
GA,edge_weighted,5.0,0.5,4,0.24876477075165515,False,0.3114570743041007,0.6397441084869395,0.852739784565726,518,187
GA,edge_weighted,5.0,0.5,5,0.5918277496459571,True,0.2830336134762807,0.6533305577752528,0.8396447512217975,629,210
GA,edge_weighted,5.0,0.5,6,0.5917935591715203,True,0.25521531166394046,0.6333342900368675,0.7739791520447393,503,170
GA,edge_weighted,5.0,0.5,7,0.44515247768061383,False,0.17596510829748074,0.6013614466593654,0.7548822049693342,638,224
GA,edge_weighted,5.0,0.5,8,0.5287988857865863,True,0.1253401401975155,0.45759565300719246,0.6597729517472006,612,218
GA,edge_weighted,5.0,0.5,9,0.34482992957240294,False,0.20433360861709798,0.5997715148307347,0.7374573985240339,478,173
GA,edge_weighted,5.0,0.5,10,0.7815244056965349,True,0.26805242713956995,0.5831998169346472,0.7963976398733091,667,229
GA,edge_weighted,5.0,0.5,11,0.637064058659269,True,0.23949899525523444,0.5744497488566737,0.7873773383138754,499,176
GA,edge_weighted,5.0,0.5,12,0.7847208875116856,True,0.14986432460494695,0.522680407590893,0.6944931745941649,544,196
GA,edge_weighted,5.0,0.5,13,0.4817237936945978,False,0.21277531147786827,0.5567806650195509,0.7382836832480525,540,186
GA,edge_weighted,5.0,0.55,0,0.43912074859076716,False,0.13139568675496302,0.4409452122781263,0.6034322501195788,585,204
GA,edge_weighted,5.0,0.55,1,0.5343391911709875,True,0.3437516671460776,0.6955810264508457,0.8363518181817792,500,169
GA,edge_weighted,5.0,0.55,2,0.7793463574473085,True,0.16833464738141665,0.527332311658583,0.6468790555807526,555,193
GA,edge_weighted,5.0,0.55,3,0.5495550533044568,True,0.2782061592839432,0.5667494215692932,0.7923586634372274,509,175
GA,edge_weighted,5.0,0.55,4,0.3780990225155604,False,0.25370486259485237,0.580437219689918,0.7825044386629159,498,176
GA,edge_weighted,5.0,0.55,5,0.7905301134604051,True,0.15320262718652905,0.43984979294260546,0.5967672026678642,514,183
GA,edge_weighted,5.0,0.55,6,0.7523175183437469,True,0.2558360192498078,0.6363711427430419,0.7741424421019573,690,234
GA,edge_weighted,5.0,0.55,7,0.3226542768706532,False,0.34530864084314744,0.6938936586525271,0.8381863088405803,513,175
GA,edge_weighted,5.0,0.55,8,0.2061985787861008,False,0.27289846278619206,0.6745640078300463,0.8158757701565487,500,187
GA,edge_weighted,5.0,0.55,9,0.32656327640766797,False,0.23098352916606557,0.5645825756505805,0.7601907097809384,606,217
GA,edge_weighted,5.0,0.55,10,0.466678773183108,False,0.220551550975893,0.604533637734561,0.7785935781323122,561,195
GA,edge_weighted,5.0,0.55,11,0.4292637321052818,False,0.30040025365320794,0.5944094121497506,0.8148769735102643,672,228
GA,edge_weighted,5.0,0.55,12,0.49562251798138934,False,0.338882367813836,0.7105547814946097,0.8232799662198219,699,240
GA,edge_weighted,5.0,0.55,13,0.5224734131059783,True,0.20262139007899124,0.6059022844736328,0.7515565599262447,645,220
GA,edge_weighted,10.0,0.4,0,0.39116685027135595,False,0.23098880203915306,0.5705431876267676,0.7471001108313733,554,191
GA,edge_weighted,10.0,0.4,1,0.701754248212054,True,0.18477706339686747,0.5211209411027,0.7169897693209197,682,233
GA,edge_weighted,10.0,0.4,2,0.5569159336886506,True,0.1838057453935764,0.5240410653472105,0.7164401688143663,496,174
GA,edge_weighted,10.0,0.4,3,0.661969659353726,True,0.17199721761264147,0.5296461258186829,0.7218308627518643,499,176
GA,edge_weighted,10.0,0.4,4,0.7424297987239334,True,0.175846682436581,0.5417093686821711,0.698443592705102,546,193
GA,edge_weighted,10.0,0.4,5,0.6019920906892493,True,0.10462441015792553,0.39841931497419364,0.5482987247017026,517,188
GA,edge_weighted,10.0,0.4,6,0.5578443701820299,True,0.1962387112108991,0.5479344606256911,0.7155669017911125,497,173
GA,edge_weighted,10.0,0.4,7,0.4848283656068588,False,0.19967233869918077,0.5764952670087409,0.7769571179719806,583,205
GA,edge_weighted,10.0,0.4,8,0.2689391613371049,False,0.1729596987386236,0.5735856521413967,0.7563462484381674,527,197
GA,edge_weighted,10.0,0.4,9,0.2384023293922558,False,0.30156305667287964,0.6620753449609423,0.8022623621353108,512,187
GA,edge_weighted,10.0,0.4,10,0.4250983434419421,False,0.16752136456242256,0.5148009783356919,0.7430630923463204,540,198
GA,edge_weighted,10.0,0.4,11,0.4915577576902673,False,0.2120092065837472,0.6460495362322278,0.8012663362828776,675,234
GA,edge_weighted,10.0,0.4,12,0.4360869309300668,False,0.2890355329884802,0.5731892392552124,0.7786409328096618,647,220
GA,edge_weighted,10.0,0.4,13,0.433016043200272,False,0.11088156581261265,0.48220631567889555,0.6550272566638766,628,227
GA,edge_weighted,10.0,0.45,0,0.3195233261082302,False,0.22329980305160216,0.5576067599214404,0.7488734628102156,478,171
GA,edge_weighted,10.0,0.45,1,0.5225662095676751,True,0.23140001100035337,0.5856893752222393,0.7418022421096847,491,174
GA,edge_weighted,10.0,0.45,2,0.710866999498663,True,0.19907506863002616,0.4414074702436318,0.6956466391670162,680,235
GA,edge_weighted,10.0,0.45,3,0.6186533964114423,True,0.18383522630396038,0.500900296687759,0.6776095478965916,606,208
GA,edge_weighted,10.0,0.45,4,0.5917531510628958,True,0.18249478781988746,0.548361191066079,0.7060205270509089,504,174
GA,edge_weighted,10.0,0.45,5,0.7204034307289319,True,0.17971186276987036,0.4742232744550312,0.6575129863433999,520,181
GA,edge_weighted,10.0,0.45,6,0.7274769232380244,True,0.12393912297940593,0.3860978774011352,0.5627561798128059,532,190
GA,edge_weighted,10.0,0.45,7,0.29589388874581174,False,0.15707386065050574,0.4825013853438876,0.6223976046778971,488,181
GA,edge_weighted,10.0,0.45,8,0.24878221557692332,False,0.21060719916869558,0.5684819306997931,0.7292817064114846,526,196
GA,edge_weighted,10.0,0.45,9,0.30996057276005057,False,0.16093831529530703,0.4650073695385394,0.6879573217279745,514,192
GA,edge_weighted,10.0,0.45,10,0.533281762064802,True,0.2660711907985171,0.637366029976342,0.8145213070378747,670,235
GA,edge_weighted,10.0,0.45,11,0.38876334633460735,False,0.2430120929239838,0.6659200397845906,0.8104944397434402,665,235
GA,edge_weighted,10.0,0.45,12,0.4637580245236235,False,0.23265352812648316,0.5826246712530372,0.7846567809445323,638,218
GA,edge_weighted,10.0,0.45,13,0.540272593538795,True,0.12945110410988409,0.49862561035378145,0.6278453734111298,589,206
GA,edge_weighted,10.0,0.5,0,0.47845947109414766,False,0.23871246664584922,0.5285918959340833,0.7545813566443178,521,179
GA,edge_weighted,10.0,0.5,1,0.6644489460602807,True,0.22741282702663843,0.6066994153723636,0.7718520496130572,508,175
GA,edge_weighted,10.0,0.5,2,0.7468070228537584,True,0.263297407280077,0.5993415443551994,0.7638142732615368,694,235
GA,edge_weighted,10.0,0.5,3,0.4441839176659823,False,0.122824377797794,0.43450077481033156,0.5732610047383623,600,212
GA,edge_weighted,10.0,0.5,4,0.6625044282608668,True,0.1885862410021909,0.5367428944742051,0.69108668585584,494,181
GA,edge_weighted,10.0,0.5,5,0.5726461755296129,True,0.1966421173231451,0.5209478944237428,0.6571754743940104,526,183
GA,edge_weighted,10.0,0.5,6,0.5925573290692487,True,0.3252166209584878,0.708517785826946,0.8323950317187068,509,170
GA,edge_weighted,10.0,0.5,7,0.4341698874501198,False,0.09882093522416938,0.479486272800536,0.6258243187866298,595,215
GA,edge_weighted,10.0,0.5,8,0.4852473620548672,False,0.18113461715240547,0.5560608421109055,0.7666152963386677,585,208
GA,edge_weighted,10.0,0.5,9,0.4329511133192997,False,0.11681221237748675,0.47039444354311394,0.6753911180543192,644,224
GA,edge_weighted,10.0,0.5,10,0.26118755245084324,False,0.40118654186516134,0.6671617098539379,0.8514908581783758,502,181
GA,edge_weighted,10.0,0.5,11,0.45712400796377817,False,0.1661327708555607,0.5655006531234494,0.6876972539107993,536,189
GA,edge_weighted,10.0,0.5,12,0.492319842879428,False,0.2498827258693035,0.6397396196300051,0.866029223067068,694,239
GA,edge_weighted,10.0,0.5,13,0.26638093408151875,False,0.2159105217320803,0.5294936533562796,0.7549525032932259,561,205
GA,edge_weighted,10.0,0.55,0,0.34946256949194215,False,0.20149973059086818,0.45515069618508214,0.6401420934859852,460,166
GA,edge_weighted,10.0,0.55,1,0.6804734963424104,True,0.23371018635803273,0.5675641520770373,0.7575770273304291,506,176
GA,edge_weighted,10.0,0.55,2,0.40067585770370545,False,0.15818525104626502,0.5394656838009957,0.6484421506093949,516,186
GA,edge_weighted,10.0,0.55,3,0.8221972420103261,True,0.18261748693691124,0.46377575896247447,0.6676270734969394,573,199
GA,edge_weighted,10.0,0.55,4,0.6190636111434168,True,0.195031076476607,0.5799997526514511,0.7253925382994882,478,175
GA,edge_weighted,10.0,0.55,5,0.5357756250595901,True,0.1489758902442492,0.5231379700953087,0.6382894606156437,564,200
GA,edge_weighted,10.0,0.55,6,0.8021401402917044,True,0.18387728165193412,0.44788629136938496,0.6480535035790502,651,226
GA,edge_weighted,10.0,0.55,7,0.3002988223806576,False,0.14015094470635273,0.3777724468538016,0.572390394916819,495,180
GA,edge_weighted,10.0,0.55,8,0.214887062178868,False,0.157627730876226,0.46420681529803165,0.7064754212976948,511,197
GA,edge_weighted,10.0,0.55,9,0.34937399481845655,False,0.21286111030732657,0.56338015313261,0.781618913174836,582,209
GA,edge_weighted,10.0,0.55,10,0.48710166721150705,False,0.14157082873386692,0.6061810412926235,0.762091390992292,595,208
GA,edge_weighted,10.0,0.55,11,0.5360814768329673,True,0.25097294631341716,0.6774794089058189,0.7767248663379592,634,218
GA,edge_weighted,10.0,0.55,12,0.4243130162112077,False,0.3079773727675989,0.6221186511916501,0.8235522755763738,660,225
GA,edge_weighted,10.0,0.55,13,0.46891781469211513,False,0.2139062508557195,0.5251695799243551,0.6939386956630154,669,231
GA,edge_weighted,50.0,0.4,0,0.3598081581191439,False,0.13501690164770927,0.48967807206938974,0.6428862877930323,453,170
GA,edge_weighted,50.0,0.4,1,0.46671458724049375,False,0.09177679847021858,0.4224691647629493,0.517449382618023,502,190
GA,edge_weighted,50.0,0.4,2,0.6851378914798686,True,0.1297494774588379,0.46671005116744896,0.5722163924173181,513,181
GA,edge_weighted,50.0,0.4,3,0.7154551501949992,True,0.147301440559869,0.5088777610159082,0.657652476924066,610,220
GA,edge_weighted,50.0,0.4,4,0.535831773821355,True,0.15009500292776223,0.5651029559535724,0.6611890658242073,529,190
GA,edge_weighted,50.0,0.4,5,0.7364751892742007,True,0.07572615911589894,0.48847615676722783,0.5804847356624132,519,195
GA,edge_weighted,50.0,0.4,6,0.6774082495251634,True,0.08802641385378118,0.5685171350386927,0.6738723634108923,491,178
GA,edge_weighted,50.0,0.4,7,0.4344987894221761,False,0.11802868789354429,0.503866125170748,0.6513991256395164,632,226
GA,edge_weighted,50.0,0.4,8,0.32555114909324767,False,0.19320289860321216,0.5245145916280145,0.7430455682649062,507,181
GA,edge_weighted,50.0,0.4,9,0.24374832838644445,False,0.12062249621734741,0.4557790500440401,0.6071703821847693,487,191
GA,edge_weighted,50.0,0.4,10,0.5541711710061015,True,0.06704013467351835,0.3945095379155935,0.5762645158194678,573,221
GA,edge_weighted,50.0,0.4,11,0.4421930105803142,False,0.1011644992697578,0.5510669251143537,0.6891998970262964,650,235
GA,edge_weighted,50.0,0.4,12,0.5080866626351158,True,0.04643279701050861,0.4697220003759544,0.5120399282476652,535,214
GA,edge_weighted,50.0,0.4,13,0.30652113377599804,False,0.09502540376485952,0.5147583240984174,0.6403729839716168,505,204
GA,edge_weighted,50.0,0.45,0,0.3695558728960045,False,0.10480993066786151,0.4591087557677647,0.5974271622441885,521,191
GA,edge_weighted,50.0,0.45,1,0.6788241484657855,True,0.17042122345079727,0.556091916322125,0.6618498780311954,551,190
GA,edge_weighted,50.0,0.45,2,0.5183313288724809,True,0.1676115641722831,0.4786300567613409,0.7094723548713321,503,174
GA,edge_weighted,50.0,0.45,3,0.6151977779605972,True,0.07478865995771834,0.3501503115470949,0.5028963849439599,492,191
GA,edge_weighted,50.0,0.45,4,0.8026004202329335,True,0.1991387261224891,0.5741978346253809,0.7734022802443565,542,193
GA,edge_weighted,50.0,0.45,5,0.5267998375094536,True,0.15228780802370187,0.45678225510326137,0.6065728319776997,492,179
GA,edge_weighted,50.0,0.45,6,0.7243601399744907,True,0.13788479036984344,0.4650281908811828,0.5815327916318741,626,221
GA,edge_weighted,50.0,0.45,7,0.5094479828762248,True,0.22976936410775423,0.6309328723647264,0.7854135941828807,633,228
GA,edge_weighted,50.0,0.45,8,0.5050930611455007,True,0.15851222658013045,0.5146591621768337,0.6934068578479463,584,213
GA,edge_weighted,50.0,0.45,9,0.45763094472273946,False,0.15495327453031868,0.6288193278954218,0.8231565370433285,623,222
GA,edge_weighted,50.0,0.45,10,0.29522260813412826,False,0.2163860731153914,0.5435459818450513,0.7533115925256876,505,181
GA,edge_weighted,50.0,0.45,11,0.24136735588275696,False,0.18517960625828808,0.6125684888242483,0.7371990784588941,509,194
GA,edge_weighted,50.0,0.45,12,0.4500429079318377,False,0.07508054167542086,0.3798082263439973,0.47459646934535393,595,221
GA,edge_weighted,50.0,0.45,13,0.29808944996386927,False,0.12180501330081228,0.40448178555531,0.5977831471575016,532,198
GA,edge_weighted,50.0,0.5,0,0.4587367396135152,False,0.18022387833044798,0.5416030232850909,0.7321121806970912,592,211
GA,edge_weighted,50.0,0.5,1,0.5428758902931415,True,0.20617523093944243,0.5227552469951817,0.7169979084828084,640,215
GA,edge_weighted,50.0,0.5,2,0.5894255337223664,True,0.21998483554132198,0.643608425221729,0.8089690608615149,501,172
GA,edge_weighted,50.0,0.5,3,0.8132849494565948,True,0.20783192289753089,0.5304147733196497,0.711107579081181,674,229
GA,edge_weighted,50.0,0.5,4,0.5278726047490043,True,0.1662085264449998,0.512176939884899,0.6670257464847039,509,180
GA,edge_weighted,50.0,0.5,5,0.5666084287908225,True,0.13805921541660088,0.5139899010706087,0.668458352467941,455,170
GA,edge_weighted,50.0,0.5,6,0.7584472825482772,True,0.1878240914306722,0.5711851474983776,0.7361298409618416,538,189
GA,edge_weighted,50.0,0.5,7,0.38139028959681837,False,0.17238883114420567,0.47404980715050704,0.7382988260953365,493,181
GA,edge_weighted,50.0,0.5,8,0.24630938522814472,False,0.1289653920480732,0.5251100851195355,0.7518286024533876,475,181
GA,edge_weighted,50.0,0.5,9,0.2631335856837995,False,0.1096538732766049,0.44867372445747467,0.7043923993854564,489,190
GA,edge_weighted,50.0,0.5,10,0.45138023838995933,False,0.08425617577975843,0.4098154463657506,0.597836809699174,522,195
GA,edge_weighted,50.0,0.5,11,0.44868983771712223,False,0.14834295913980858,0.5439986274727382,0.6846728739061453,629,222
GA,edge_weighted,50.0,0.5,12,0.531766362011717,True,0.18781052722527075,0.5162726918517963,0.6991842175492188,671,238
GA,edge_weighted,50.0,0.5,13,0.41146541933443376,False,0.11869958274399871,0.5284433861632052,0.673323659306368,596,223
GA,edge_weighted,50.0,0.55,0,0.4537364802927096,False,0.22879886107858324,0.6443018621502433,0.812954164088873,531,189
GA,edge_weighted,50.0,0.55,1,0.7017600510379504,True,0.21056265369278182,0.5919536722062398,0.7178944680356883,606,212
GA,edge_weighted,50.0,0.55,2,0.8026971474538113,True,0.1326202350132919,0.4494769461777017,0.6016671277686878,531,188
GA,edge_weighted,50.0,0.55,3,0.672130526359802,True,0.11312423215822097,0.42208172120379517,0.581272502745867,506,179
GA,edge_weighted,50.0,0.55,4,0.37274148203958357,False,0.07926196946316562,0.3903237298292754,0.5179172558840007,474,185
GA,edge_weighted,50.0,0.55,5,0.8130282779167597,True,0.19057451607255957,0.5470607883160089,0.7074390519642659,526,185
GA,edge_weighted,50.0,0.55,6,0.4060306912800596,False,0.07953310127448598,0.5073304747305184,0.5812737035258105,580,215
GA,edge_weighted,50.0,0.55,7,0.30692090266160393,False,0.10360375508359854,0.44950856263949085,0.6187832608387928,547,206
GA,edge_weighted,50.0,0.55,8,0.31008550853908307,False,0.21021348591173927,0.5830731414634398,0.7742315975928229,488,173
GA,edge_weighted,50.0,0.55,9,0.2842626559060895,False,0.21571173919477482,0.542169186645954,0.7563798490581374,500,185
GA,edge_weighted,50.0,0.55,10,0.5466657606707158,True,0.1801704377357885,0.5714021883501165,0.7381486698207791,630,225
GA,edge_weighted,50.0,0.55,11,0.4202547885537202,False,0.18743659661632775,0.5413491379830967,0.6983630566676476,649,227
GA,edge_weighted,50.0,0.55,12,0.42321296555111165,False,0.1531927298874935,0.48422276376266404,0.7233086680260503,643,226
GA,edge_weighted,50.0,0.55,13,0.47692177170415906,False,0.1480420244250518,0.6299640666926194,0.6989883367164492,552,201
GA,edge_weighted,100.0,0.4,0,0.3215332146009495,False,0.18434505649630217,0.5617718591609863,0.732387370206564,499,174
GA,edge_weighted,100.0,0.4,1,0.7038426019186849,True,0.22964537520193407,0.5333354959529147,0.7562672637354406,707,241
GA,edge_weighted,100.0,0.4,2,0.5769068920723787,True,0.13353107937165976,0.5620118907119852,0.6675555319719985,501,184
GA,edge_weighted,100.0,0.4,3,0.626147058593046,True,0.15104332892852682,0.5770740864880656,0.7347462530912694,493,175
GA,edge_weighted,100.0,0.4,4,0.5571147850237116,True,0.12588379110863154,0.49842772157115695,0.6723210261463822,540,190
GA,edge_weighted,100.0,0.4,5,0.7154836386785709,True,0.13531538081070313,0.47160986515027925,0.6277234148918336,521,192
GA,edge_weighted,100.0,0.4,6,0.7054276633892121,True,0.12989605627190695,0.6163228330445331,0.7043920558736778,506,182
GA,edge_weighted,100.0,0.4,7,0.38870113769818926,False,0.07991477541548457,0.44414371837548117,0.5956992410681599,603,227
GA,edge_weighted,100.0,0.4,8,0.5487113321202234,True,0.12270167565709401,0.5315062290486651,0.6768717505801137,644,232
GA,edge_weighted,100.0,0.4,9,0.41068071439761866,False,0.17307192245457917,0.6657886566621939,0.7922267591469905,526,187
GA,edge_weighted,100.0,0.4,10,0.2082462367067344,False,0.2631734700924023,0.5403092514547547,0.8368534567660438,542,201
GA,edge_weighted,100.0,0.4,11,0.2953515325733219,False,0.12169978620701924,0.4202260928423445,0.6113638363571441,501,189
GA,edge_weighted,100.0,0.4,12,0.48483787023083347,False,0.2427145288428505,0.6562831745724031,0.833254176693084,560,199
GA,edge_weighted,100.0,0.4,13,0.4485687935331832,False,0.13523185001516655,0.5579998605098383,0.6725965751859255,633,223
GA,edge_weighted,100.0,0.45,0,0.368757662817721,False,0.17733909788953806,0.5055391172299534,0.6922992348648818,549,193
GA,edge_weighted,100.0,0.45,1,0.5622314622314623,True,0.20812254050116996,0.5383215857899729,0.733074048226468,516,178
GA,edge_weighted,100.0,0.45,2,0.5931544476619589,True,0.10497648927880354,0.4258737961234992,0.6023250603372288,509,185
GA,edge_weighted,100.0,0.45,3,0.7707474577335118,True,0.2947521047863097,0.6638020020277059,0.8374131118250724,564,193
GA,edge_weighted,100.0,0.45,4,0.6279503430251552,True,0.2184977510272337,0.5601754199010995,0.7834278976023261,506,177
GA,edge_weighted,100.0,0.45,5,0.7549998628832901,True,0.16010493350179622,0.5249259988534971,0.6882790833138716,676,235
GA,edge_weighted,100.0,0.45,6,0.5422118206956965,True,0.19055415142798868,0.6097018891921755,0.7051932195365224,511,179
GA,edge_weighted,100.0,0.45,7,0.2859909475499632,False,0.16716920720674522,0.6811764803474495,0.7746793278322917,493,181
GA,edge_weighted,100.0,0.45,8,0.34795657993809087,False,0.22114032019724644,0.6416488829984706,0.7613104253170593,572,204
GA,edge_weighted,100.0,0.45,9,0.20445950771702034,False,0.19140644528401066,0.5086291924699173,0.7567321506660702,498,186
GA,edge_weighted,100.0,0.45,10,0.46972118582602046,False,0.1305270698761807,0.4620246585311821,0.6624486363770152,623,226
GA,edge_weighted,100.0,0.45,11,0.5255337836424852,True,0.19811208473362266,0.5863755482550156,0.7279734877650239,669,236
GA,edge_weighted,100.0,0.45,12,0.4702084780009502,False,0.15976137666129542,0.5772669026891704,0.7709335549197662,546,196
GA,edge_weighted,100.0,0.45,13,0.46746520585421375,False,0.09353638447899756,0.40525534704134697,0.5679529844057645,629,227
GA,edge_weighted,100.0,0.5,0,0.37571013447477486,False,0.13972131281356687,0.5269434767516389,0.7022582285054622,493,177
GA,edge_weighted,100.0,0.5,1,0.5938655619376013,True,0.09858529544420079,0.51803600037543,0.6810734058600398,477,170
GA,edge_weighted,100.0,0.5,2,0.5817826545596368,True,0.14676098859943554,0.5901820737987218,0.7085237948857547,603,214
GA,edge_weighted,100.0,0.5,3,0.7744178820777132,True,0.062361207189246454,0.3117817941385273,0.4396721226411059,575,217
GA,edge_weighted,100.0,0.5,4,0.5079640455911332,True,0.14540537204433182,0.5824706968588351,0.7323732250268026,495,180
GA,edge_weighted,100.0,0.5,5,0.7572245572214207,True,0.1071853227441981,0.448147974313513,0.5940381088251019,525,194
GA,edge_weighted,100.0,0.5,6,0.6427839699746961,True,0.0765994131350176,0.5561172854802711,0.6635399285932089,487,189
GA,edge_weighted,100.0,0.5,7,0.21922728419775395,False,0.26485957333099225,0.6981346577640386,0.8809754645778197,535,196
GA,edge_weighted,100.0,0.5,8,0.3060876556417304,False,0.027529982067565732,0.29276963143852497,0.43854453182647485,406,191
GA,edge_weighted,100.0,0.5,9,0.4392213792724963,False,0.03379206282985726,0.38212104906934896,0.46270474053662536,485,197
GA,edge_weighted,100.0,0.5,10,0.4745727503498084,False,0.037820282325049207,0.43474240443174755,0.5512133329673936,507,226
GA,edge_weighted,100.0,0.5,11,0.4532625308617784,False,0.05078750517369058,0.3327881529609906,0.44786527508489143,581,220
GA,edge_weighted,100.0,0.5,12,0.4809864138311012,False,0.0812905854052481,0.5190113283087904,0.7020399927875771,618,234
GA,edge_weighted,100.0,0.5,13,0.3842317531586092,False,0.05140979674844188,0.420635659088705,0.5914051652165495,474,191
GA,edge_weighted,100.0,0.55,0,0.3825868087596056,False,0.07311175990739703,0.45772355944943593,0.5848710579862092,522,196
GA,edge_weighted,100.0,0.55,1,0.6407762540934558,True,0.06357649394954956,0.42806002790918973,0.5772397726899451,523,203
GA,edge_weighted,100.0,0.55,2,0.4634223856177095,False,0.08782431666138604,0.4461538577398295,0.6121355431035005,442,168
GA,edge_weighted,100.0,0.55,3,0.5685405183557647,True,0.1204940591912421,0.616058374008876,0.7058585528214006,485,179
GA,edge_weighted,100.0,0.55,4,0.7994770784303995,True,0.1084762050388279,0.49187617069137674,0.6230894029908879,612,218
GA,edge_weighted,100.0,0.55,5,0.5638078350450755,True,0.043294798448290275,0.4638451512393194,0.5692544858173824,417,179
GA,edge_weighted,100.0,0.55,6,0.7727718383924363,True,0.09390990163411095,0.5126404056974434,0.7008901771537978,512,193
GA,edge_weighted,100.0,0.55,7,0.31496844439279126,False,0.09670821363343024,0.45413098482795655,0.6520322284245292,450,175
GA,edge_weighted,100.0,0.55,8,0.3109692663979633,False,0.11799523871160354,0.6075586539680494,0.7719465436060547,530,198
GA,edge_weighted,100.0,0.55,9,0.24838486658618278,False,0.13540802313143233,0.5964996941619176,0.7393091497831471,525,202
GA,edge_weighted,100.0,0.55,10,0.5172503947877558,True,0.04014339836599248,0.3915583497458545,0.5101324600051917,545,220
GA,edge_weighted,100.0,0.55,11,0.49235375811874776,False,0.07569803349718458,0.5842893778344788,0.7167653903640996,619,232
GA,edge_weighted,100.0,0.55,12,0.3947931084414678,False,0.03429581927955767,0.41342456705743613,0.5268977962647992,538,228
GA,edge_weighted,100.0,0.55,13,0.5212610784432787,True,0.03629315668988768,0.3104931816739242,0.4251235622941243,557,205
LA,edge_weighted,1.0,0.4,0,0.47936180632523134,False,0.28822658404385537,0.6268689447204827,0.786125334842186,572,187
LA,edge_weighted,1.0,0.4,1,0.5238466384362387,True,0.09436626200133867,0.2761819842268209,0.38756815984183407,854,283
LA,edge_weighted,1.0,0.4,2,0.45216809866694496,False,0.17426935757456485,0.5172120249916962,0.672068576289988,660,227
LA,edge_weighted,1.0,0.4,3,0.47767842204564703,False,0.38543417097469235,0.6905144181096351,0.9145854262487401,670,232
LA,edge_weighted,1.0,0.4,4,0.35325473230445564,False,0.17613144142457846,0.5296256476435645,0.7154141540354936,645,223
LA,edge_weighted,1.0,0.4,5,0.3686499000207298,False,0.1486195079369689,0.5345819585402412,0.7547792139746399,672,236
LA,edge_weighted,1.0,0.45,0,0.47936180632523134,False,0.28822658404385537,0.6268689447204827,0.786125334842186,572,187
LA,edge_weighted,1.0,0.45,1,0.5238466384362387,True,0.09436626200133867,0.2761819842268209,0.38756815984183407,854,283
LA,edge_weighted,1.0,0.45,2,0.45216809866694496,False,0.17426935757456485,0.5172120249916962,0.672068576289988,660,227
LA,edge_weighted,1.0,0.45,3,0.47767842204564703,False,0.38543417097469235,0.6905144181096351,0.9145854262487401,670,232
LA,edge_weighted,1.0,0.45,4,0.35325473230445564,False,0.17613144142457846,0.5296256476435645,0.7154141540354936,645,223
LA,edge_weighted,1.0,0.45,5,0.3686499000207298,False,0.1486195079369689,0.5345819585402412,0.7547792139746399,672,236
LA,edge_weighted,1.0,0.5,0,0.47936180632523134,False,0.28822658404385537,0.6268689447204827,0.786125334842186,572,187
LA,edge_weighted,1.0,0.5,1,0.5238466384362387,True,0.09436626200133867,0.2761819842268209,0.38756815984183407,854,283
LA,edge_weighted,1.0,0.5,2,0.45216809866694496,False,0.17426935757456485,0.5172120249916962,0.672068576289988,660,227
LA,edge_weighted,1.0,0.5,3,0.47767842204564703,False,0.38543417097469235,0.6905144181096351,0.9145854262487401,670,232
LA,edge_weighted,1.0,0.5,4,0.35325473230445564,False,0.17613144142457846,0.5296256476435645,0.7154141540354936,645,223
LA,edge_weighted,1.0,0.5,5,0.3686499000207298,False,0.1486195079369689,0.5345819585402412,0.7547792139746399,672,236
LA,edge_weighted,1.0,0.55,0,0.47936180632523134,False,0.28822658404385537,0.6268689447204827,0.786125334842186,572,187
LA,edge_weighted,1.0,0.55,1,0.5238466384362387,True,0.09436626200133867,0.2761819842268209,0.38756815984183407,854,283
LA,edge_weighted,1.0,0.55,2,0.45216809866694496,False,0.17426935757456485,0.5172120249916962,0.672068576289988,660,227
LA,edge_weighted,1.0,0.55,3,0.47767842204564703,False,0.38543417097469235,0.6905144181096351,0.9145854262487401,670,232
LA,edge_weighted,1.0,0.55,4,0.35325473230445564,False,0.17613144142457846,0.5296256476435645,0.7154141540354936,645,223
LA,edge_weighted,1.0,0.55,5,0.3686499000207298,False,0.1486195079369689,0.5345819585402412,0.7547792139746399,672,236
LA,edge_weighted,5.0,0.4,0,0.5213861381037272,True,0.044234021994706337,0.3673478416609825,0.4482585181033754,566,206
LA,edge_weighted,5.0,0.4,1,0.32041488514500877,False,0.10196635954142297,0.5049089903447608,0.6556487565998895,600,222
LA,edge_weighted,5.0,0.4,2,0.3632377536058219,False,0.114071614756154,0.4056906420589232,0.6011097710592891,598,221
LA,edge_weighted,5.0,0.4,3,0.4880970611663966,False,0.14765209905521168,0.6293911231009458,0.7783357452409894,654,236
LA,edge_weighted,5.0,0.4,4,0.5583305004429611,True,0.19372660039121847,0.5535078833413362,0.696206731663554,867,296
LA,edge_weighted,5.0,0.4,5,0.4033387655747174,False,0.13210385773709932,0.4707145841328646,0.6096565573698393,587,207
LA,edge_weighted,5.0,0.45,0,0.5123067526717675,True,0.1322023139902934,0.5140202569435498,0.6804927065308612,584,201
LA,edge_weighted,5.0,0.45,1,0.4080779639598135,False,0.05453541417142245,0.4147486611702423,0.502223544876956,627,240
LA,edge_weighted,5.0,0.45,2,0.3333733066157072,False,0.13281291567679468,0.588220348961599,0.6737901605031599,616,224
LA,edge_weighted,5.0,0.45,3,0.568050598936969,True,0.07379221214050455,0.33467818596311066,0.41229409139656753,840,280
LA,edge_weighted,5.0,0.45,4,0.47565572968435366,False,0.13584841025944697,0.5983306215845197,0.7222860881532279,670,238
LA,edge_weighted,5.0,0.45,5,0.35739425955591525,False,0.1923097321822058,0.5200501320089007,0.7160016622845634,575,205
LA,edge_weighted,5.0,0.5,0,0.4798960448892386,False,0.23623129141303362,0.6228842810500979,0.7354891423203063,551,182
LA,edge_weighted,5.0,0.5,1,0.5932723875462784,True,0.30506135773055715,0.5792389817510857,0.7316347182366949,909,301
LA,edge_weighted,5.0,0.5,2,0.3701936858938513,False,0.09938693381944898,0.4559607867002473,0.5576391034461439,577,207
LA,edge_weighted,5.0,0.5,3,0.3886334987813957,False,0.16368228448980765,0.4232070904922997,0.6317428801709414,655,230
LA,edge_weighted,5.0,0.5,4,0.3815175583453343,False,0.13339123089653773,0.6009668297906153,0.7329576376408021,648,234
LA,edge_weighted,5.0,0.5,5,0.4412792912628255,False,0.20509031418989515,0.46966517532296376,0.7512426260009786,656,234
LA,edge_weighted,5.0,0.55,0,0.47406837274614616,False,0.1334871183519938,0.5863383123911228,0.6854317132739353,672,237
LA,edge_weighted,5.0,0.55,1,0.35888595017921837,False,0.12664187342054972,0.4908930863924026,0.6804343848223986,661,234
LA,edge_weighted,5.0,0.55,2,0.37780438967544216,False,0.14040979296691858,0.6711073664460695,0.7822746608491709,640,230
LA,edge_weighted,5.0,0.55,3,0.47543903578628904,False,0.273861644266809,0.691408382071892,0.8323144573083708,562,184
LA,edge_weighted,5.0,0.55,4,0.5885139752811852,True,0.21963417682742822,0.48062093671036005,0.6707193015741221,932,307
LA,edge_weighted,5.0,0.55,5,0.38022914692095916,False,0.17477779039416838,0.47610816761680536,0.7103282893959709,563,196
LA,edge_weighted,10.0,0.4,0,0.4089515531949139,False,0.13850802798240386,0.5177794800696677,0.7022704628275941,649,231
LA,edge_weighted,10.0,0.4,1,0.3901650072333173,False,0.06640337784399447,0.39558117512971086,0.5359973077239857,616,235
LA,edge_weighted,10.0,0.4,2,0.43110724206183126,False,0.21808877239256327,0.6078984149706813,0.8247373927848306,650,234
LA,edge_weighted,10.0,0.4,3,0.48911448866199997,False,0.1110573827457038,0.44715713239943233,0.5828927275265235,544,184
LA,edge_weighted,10.0,0.4,4,0.32767700183521686,False,0.07670006162091321,0.4217770359238385,0.5311848146629122,546,208
LA,edge_weighted,10.0,0.4,5,0.6080912716051768,True,0.3098597808220196,0.5937220792349428,0.7627769922956931,895,296
LA,edge_weighted,10.0,0.45,0,0.3048029318605304,False,0.22879387354640648,0.6888656775862506,0.8084281865680406,525,184
LA,edge_weighted,10.0,0.45,1,0.3545012174849118,False,0.07807716706840333,0.4586433502289641,0.608289291661122,599,228
LA,edge_weighted,10.0,0.45,2,0.5717851509747122,True,0.09515777533241646,0.42757781334360906,0.5596114467446157,886,297
LA,edge_weighted,10.0,0.45,3,0.4713100405204327,False,0.1433389295223276,0.5347252192133596,0.6978925518692943,673,237
LA,edge_weighted,10.0,0.45,4,0.5559302450039139,True,0.06995874162413078,0.29167596163018555,0.40023674902186357,579,214
LA,edge_weighted,10.0,0.45,5,0.3968268068392045,False,0.048576648512423805,0.2693758223065134,0.39802897201739557,586,228
LA,edge_weighted,10.0,0.5,0,0.4814280952423852,False,0.15133501426509216,0.502078326519618,0.6863865942945122,555,192
LA,edge_weighted,10.0,0.5,1,0.36862963658970443,False,0.10696688387287534,0.4324318685006976,0.5815378816787928,581,214
LA,edge_weighted,10.0,0.5,2,0.5972522540505942,True,0.13073153838732782,0.42549472510170877,0.556193557586809,874,294
LA,edge_weighted,10.0,0.5,3,0.4722571639050911,False,0.11370755104343189,0.6389102646745932,0.7389931925921442,651,233
LA,edge_weighted,10.0,0.5,4,0.3935411108103579,False,0.04733766631412977,0.3039427396846085,0.45300273231336113,575,218
LA,edge_weighted,10.0,0.5,5,0.3419044061771487,False,0.06256028684236342,0.45262227840209035,0.587829106264421,643,237
LA,edge_weighted,10.0,0.55,0,0.46791299820614857,False,0.11790010867322222,0.45517652679853643,0.6197990854425229,551,189
LA,edge_weighted,10.0,0.55,1,0.38178375454053637,False,0.1957282397818024,0.46124710465706703,0.7310140832026069,631,223
LA,edge_weighted,10.0,0.55,2,0.37923193271681127,False,0.048942552578449657,0.34735964987355034,0.4719089445935607,571,227
LA,edge_weighted,10.0,0.55,3,0.4427789159032636,False,0.13876072322353208,0.589722231582286,0.7219950689498965,626,230
LA,edge_weighted,10.0,0.55,4,0.4883585055234683,False,0.20868037508653356,0.5468522657248198,0.7124575614013692,676,241
LA,edge_weighted,10.0,0.55,5,0.4949057627310833,False,0.17428108143143933,0.4288261511333996,0.609735166409397,818,278
LA,edge_weighted,50.0,0.4,0,0.30789090436168803,False,0.1301584720373147,0.38964845458476005,0.5562961659189101,514,186
LA,edge_weighted,50.0,0.4,1,0.4141031507175954,False,0.03894097383972576,0.3887102710402338,0.43893633629481876,608,239
LA,edge_weighted,50.0,0.4,2,0.5527704485488126,True,0.0768964347061402,0.38048655051300145,0.5392006387170891,565,203
LA,edge_weighted,50.0,0.4,3,0.41629038644333616,False,0.08390149165299746,0.5323652706210855,0.6844801529935113,619,231
LA,edge_weighted,50.0,0.4,4,0.6198626124241117,True,0.15060979645115083,0.49821314057897476,0.6597287926054285,889,301
LA,edge_weighted,50.0,0.4,5,0.3441261891679395,False,0.05258083723938702,0.4282370293472756,0.5235906275661114,583,228
LA,edge_weighted,50.0,0.45,0,0.476823017993759,False,0.3496958076322258,0.6927376629139791,0.8489359651413106,571,185
LA,edge_weighted,50.0,0.45,1,0.47146777289651,False,0.17761272359006647,0.6571288353554938,0.8067988753745505,678,236
LA,edge_weighted,50.0,0.45,2,0.3811421529935451,False,0.11833076662366508,0.5975133511031478,0.7261961651666683,650,233
LA,edge_weighted,50.0,0.45,3,0.35220261849480977,False,0.14315108271025045,0.4213589771223153,0.627926967265509,656,230
LA,edge_weighted,50.0,0.45,4,0.6096128734826963,True,0.32565704704651804,0.5791385326645995,0.7771663363782304,904,296
LA,edge_weighted,50.0,0.45,5,0.3636970733801486,False,0.11030306755858832,0.3679141804995779,0.5465193699305573,568,208
LA,edge_weighted,50.0,0.5,0,0.3321431422589509,False,0.29503092984000606,0.653923934924275,0.8342636805504349,637,216
LA,edge_weighted,50.0,0.5,1,0.5012234773572889,True,0.04862297276000793,0.390070624556925,0.4976156916819193,554,229
LA,edge_weighted,50.0,0.5,2,0.393696554338115,False,0.0643030343028662,0.33985930237858875,0.4823552077878385,624,244
LA,edge_weighted,50.0,0.5,3,0.4798520213695368,False,0.2009275163961925,0.5566832410700614,0.7958802747585983,666,238
LA,edge_weighted,50.0,0.5,4,0.555276446576654,True,0.1076936837403288,0.4925129886356014,0.6515178833820771,740,279
LA,edge_weighted,50.0,0.5,5,0.39278301668151644,False,0.14523680331388047,0.5710997807076824,0.717436500253579,502,182
LA,edge_weighted,50.0,0.55,0,0.3044211860411799,False,0.030996020316370654,0.33461564307305514,0.40841676932130466,483,195
LA,edge_weighted,50.0,0.55,1,0.6189776358650501,True,0.11416442278897562,0.4173636218542928,0.6172853913936269,862,294
LA,edge_weighted,50.0,0.55,2,0.37410464490789713,False,0.0382966492373352,0.3609063121557656,0.4787891721987756,488,221
LA,edge_weighted,50.0,0.55,3,0.3729532909689689,False,0.03730347306511857,0.38151571173488646,0.4696347944868974,541,211
LA,edge_weighted,50.0,0.55,4,0.5198995542623661,True,0.029089525602821926,0.46998424428729396,0.549577981730087,533,238
LA,edge_weighted,50.0,0.55,5,0.46478321793603694,False,0.06793304490651526,0.5781464094919825,0.6439520581504916,615,229
LA,edge_weighted,100.0,0.4,0,0.419809751278685,False,0.10246688272831193,0.4447018569707086,0.6670162311664826,630,234
LA,edge_weighted,100.0,0.4,1,0.40212822367455786,False,0.04179790879677067,0.4082136047197806,0.5353350533894257,559,233
LA,edge_weighted,100.0,0.4,2,0.40104988973966704,False,0.04438349994326882,0.40661742965331077,0.5468997352246602,555,229
LA,edge_weighted,100.0,0.4,3,0.472435437520368,False,0.0742074708684916,0.42085070567928223,0.48639807972427185,550,190
LA,edge_weighted,100.0,0.4,4,0.36122667009911186,False,0.07208145899983538,0.4038756004276926,0.5556648342879643,513,200
LA,edge_weighted,100.0,0.4,5,0.5984092405244301,True,0.3324384229373906,0.6766204032890504,0.7999527765280439,909,302
LA,edge_weighted,100.0,0.45,0,0.4471462892857788,False,0.1746414295666856,0.7034345437156859,0.794586121443359,540,188
LA,edge_weighted,100.0,0.45,1,0.47189816584735433,False,0.14041330994923254,0.5820996338571247,0.7290854980857617,675,235
LA,edge_weighted,100.0,0.45,2,0.3811543167545633,False,0.13347530798148471,0.6072545699829551,0.7460180497788117,653,232
LA,edge_weighted,100.0,0.45,3,0.38081967783908977,False,0.13918319899985013,0.4569519613780674,0.6786663889026792,644,228
LA,edge_weighted,100.0,0.45,4,0.582619502991197,True,0.20941220601858504,0.532053364902291,0.693129768122487,895,293
LA,edge_weighted,100.0,0.45,5,0.3913534391193794,False,0.08596150322839723,0.3790701802711643,0.5139441025614783,599,212
LA,edge_weighted,100.0,0.5,0,0.37634728265555767,False,0.06132855696141932,0.4302193452167354,0.622031134194665,628,235
LA,edge_weighted,100.0,0.5,1,0.3567825592622337,False,0.06109122514324353,0.4261174479676335,0.5180916600678109,640,234
LA,edge_weighted,100.0,0.5,2,0.47367506605525606,False,0.08166544072358448,0.4643285833141847,0.5339881376798001,528,190
LA,edge_weighted,100.0,0.5,3,0.46784385778293525,False,0.19322789809309016,0.6553906225031233,0.8193427671324528,674,235
LA,edge_weighted,100.0,0.5,4,0.5891054994171481,True,0.046084676840069734,0.3651292565251446,0.430900371797709,823,284
LA,edge_weighted,100.0,0.5,5,0.3912121868122239,False,0.11373094920800998,0.5183817123391954,0.6910263454294571,577,210
LA,edge_weighted,100.0,0.55,0,0.47092958778121946,False,0.13108029306207106,0.5183590079694238,0.6102179553376492,551,189
LA,edge_weighted,100.0,0.55,1,0.6200288993519539,True,0.04826269458738838,0.2847118361992042,0.40806052189138853,784,284
LA,edge_weighted,100.0,0.55,2,0.35440424378872193,False,0.03075904550050998,0.33927298432966535,0.45734992896031956,499,220
LA,edge_weighted,100.0,0.55,3,0.367717052566513,False,0.0351938965136774,0.380499152898129,0.5757417154060162,545,225
LA,edge_weighted,100.0,0.55,4,0.4611954015284414,False,0.05417380869285826,0.49514076634943743,0.6615461627240357,648,238
LA,edge_weighted,100.0,0.55,5,0.3808298061656651,False,0.04866069507327385,0.5036439076859899,0.6587152110531524,595,232
MS,edge_weighted,1.0,0.4,0,0.5255337588284844,True,0.25757195297791374,0.6971193383410379,0.8605124306086054,601,213
MS,edge_weighted,1.0,0.4,1,0.3454003297874208,False,0.3950208437027169,0.7656510790615889,0.9126964858480706,715,237
MS,edge_weighted,1.0,0.4,2,0.3766271364833018,False,0.27498726569954024,0.6791888830288582,0.8088581697763338,555,201
MS,edge_weighted,1.0,0.4,3,0.538227083996998,True,0.20857295127750433,0.5979840256781154,0.7938103254973146,623,227
MS,edge_weighted,1.0,0.45,0,0.5255337588284844,True,0.25757195297791374,0.6971193383410379,0.8605124306086054,601,213
MS,edge_weighted,1.0,0.45,1,0.3454003297874208,False,0.3950208437027169,0.7656510790615889,0.9126964858480706,715,237
MS,edge_weighted,1.0,0.45,2,0.3766271364833018,False,0.27498726569954024,0.6791888830288582,0.8088581697763338,555,201
MS,edge_weighted,1.0,0.45,3,0.538227083996998,True,0.20857295127750433,0.5979840256781154,0.7938103254973146,623,227
MS,edge_weighted,1.0,0.5,0,0.5255337588284844,True,0.25757195297791374,0.6971193383410379,0.8605124306086054,601,213
MS,edge_weighted,1.0,0.5,1,0.3454003297874208,False,0.3950208437027169,0.7656510790615889,0.9126964858480706,715,237
MS,edge_weighted,1.0,0.5,2,0.3766271364833018,False,0.27498726569954024,0.6791888830288582,0.8088581697763338,555,201
MS,edge_weighted,1.0,0.5,3,0.538227083996998,True,0.20857295127750433,0.5979840256781154,0.7938103254973146,623,227
MS,edge_weighted,1.0,0.55,0,0.5255337588284844,True,0.25757195297791374,0.6971193383410379,0.8605124306086054,601,213
MS,edge_weighted,1.0,0.55,1,0.3454003297874208,False,0.3950208437027169,0.7656510790615889,0.9126964858480706,715,237
MS,edge_weighted,1.0,0.55,2,0.3766271364833018,False,0.27498726569954024,0.6791888830288582,0.8088581697763338,555,201
MS,edge_weighted,1.0,0.55,3,0.538227083996998,True,0.20857295127750433,0.5979840256781154,0.7938103254973146,623,227
MS,edge_weighted,5.0,0.4,0,0.3398624674138938,False,0.1483958703518696,0.6190540892994045,0.7256842003640716,696,244
MS,edge_weighted,5.0,0.4,1,0.3968941909918573,False,0.09818914178505377,0.3858945663731316,0.5677124873324793,523,202
MS,edge_weighted,5.0,0.4,2,0.44893674795232286,False,0.11435012242419822,0.5089312125455584,0.6688630252720013,549,208
MS,edge_weighted,5.0,0.4,3,0.6007178671255821,True,0.08706322536945794,0.5602881197398178,0.6920330283941414,585,224
MS,edge_weighted,5.0,0.45,0,0.5589615513314552,True,0.07602723767884444,0.45231986157736287,0.6363468387837863,574,217
MS,edge_weighted,5.0,0.45,1,0.4799941151222462,False,0.09658012104114617,0.5639164846092226,0.7095791472755296,564,220
MS,edge_weighted,5.0,0.45,2,0.3917675472839903,False,0.18805210514851067,0.6268645863759053,0.8047881148271993,547,202
MS,edge_weighted,5.0,0.45,3,0.3549426948638521,False,0.23837844364140642,0.5301464844513419,0.7467653345897162,708,239
MS,edge_weighted,5.0,0.5,0,0.37333919097022744,False,0.1990589391489418,0.5481074788779817,0.7178350191067124,586,214
MS,edge_weighted,5.0,0.5,1,0.5448697621132772,True,0.12603717367120554,0.5635987430468977,0.714263773086731,560,208
MS,edge_weighted,5.0,0.5,2,0.516245648185771,True,0.26980344542629514,0.6296595170666129,0.844533611494515,615,218
MS,edge_weighted,5.0,0.5,3,0.3512507199312111,False,0.2991555360066168,0.7060192247953891,0.8942785665789826,717,238
MS,edge_weighted,5.0,0.55,0,0.36323745371177213,False,0.250522105513333,0.7327236649695297,0.8182074890831196,540,198
MS,edge_weighted,5.0,0.55,1,0.5528964700538577,True,0.11163428143677015,0.5373052394871255,0.6908753684077695,597,226
MS,edge_weighted,5.0,0.55,2,0.5187472323328329,True,0.2625045204278599,0.668627285118843,0.8773316733985518,608,215
MS,edge_weighted,5.0,0.55,3,0.35118462552115964,False,0.28420668224017875,0.7104887645457835,0.9003268814764795,717,239
MS,edge_weighted,10.0,0.4,0,0.5129459999270762,True,0.14163470863099029,0.6390750020482842,0.8100093670320694,549,208
MS,edge_weighted,10.0,0.4,1,0.5262871697618078,True,0.1346442751311502,0.5718329892398452,0.7025858758790617,588,211
MS,edge_weighted,10.0,0.4,2,0.413195349459062,False,0.1818982671339564,0.5821159638284943,0.7767364135452389,602,221
MS,edge_weighted,10.0,0.4,3,0.3337705625953065,False,0.2852814430859012,0.6893520611191367,0.8198869770373801,713,238
MS,edge_weighted,10.0,0.45,0,0.4415515466563637,False,0.2512638278709308,0.6200088780274915,0.8440776401147684,582,210
MS,edge_weighted,10.0,0.45,1,0.47623478892975296,False,0.11401197968904167,0.48216542627746933,0.7101703461472733,574,215
MS,edge_weighted,10.0,0.45,2,0.35150809555103024,False,0.33943962944895245,0.7153493541954812,0.8997162555809313,715,239
MS,edge_weighted,10.0,0.45,3,0.5165754068852938,True,0.2359139521101451,0.6368946116751497,0.840388004992339,601,214
MS,edge_weighted,10.0,0.5,0,0.3473663480124692,False,0.28212875287698563,0.6987625498044987,0.7913324403895201,721,242
MS,edge_weighted,10.0,0.5,1,0.5317794977523913,True,0.255729013195519,0.635619967140417,0.8778975739784362,600,215
MS,edge_weighted,10.0,0.5,2,0.35304076192329154,False,0.4577430796548568,0.7065207873782607,0.901413603891832,545,196
MS,edge_weighted,10.0,0.5,3,0.554016186345642,True,0.16995137050369244,0.567982328672561,0.7820093978378568,597,225
MS,edge_weighted,10.0,0.55,0,0.5210141997157082,True,0.14287735889004843,0.6256605135291485,0.8131446929414102,574,213
MS,edge_weighted,10.0,0.55,1,0.3963168332861132,False,0.2290646072274667,0.5834398809047383,0.7106534656788884,566,210
MS,edge_weighted,10.0,0.55,2,0.35192899910411096,False,0.35848493414100724,0.7191549212511714,0.9113085805972763,720,239
MS,edge_weighted,10.0,0.55,3,0.5168171894345573,True,0.2516536923030699,0.663641163044765,0.8791322118174326,607,216
MS,edge_weighted,50.0,0.4,0,0.6139256476582561,True,0.06225618426652687,0.4652093866860992,0.5618596976306942,558,218
MS,edge_weighted,50.0,0.4,1,0.47310546645428275,False,0.07831769454336177,0.40727036740521216,0.5969946853052681,549,220
MS,edge_weighted,50.0,0.4,2,0.33162815263686135,False,0.2763297295441773,0.6528226773442236,0.831613207518626,709,237
MS,edge_weighted,50.0,0.4,3,0.36709096906413746,False,0.2621161031371983,0.5383745121472411,0.7547044771641528,544,203
MS,edge_weighted,50.0,0.45,0,0.382687512144569,False,0.18387815376039215,0.4898769637369325,0.6760083286106215,595,222
MS,edge_weighted,50.0,0.45,1,0.35847237711536023,False,0.21637617381352062,0.6342613620642616,0.8277632518502496,713,238
MS,edge_weighted,50.0,0.45,2,0.5203697896108531,True,0.14203608558599132,0.6060846099016084,0.7198402397968708,591,209
MS,edge_weighted,50.0,0.45,3,0.524674194119611,True,0.18869903642475974,0.6207528028030697,0.7928659229979254,570,209
MS,edge_weighted,50.0,0.5,0,0.49239967640381455,False,0.2014078956503699,0.6789043335558302,0.7849687280214381,577,207
MS,edge_weighted,50.0,0.5,1,0.5702273006379208,True,0.09641104892961037,0.4972590939534209,0.6437591938309197,563,220
MS,edge_weighted,50.0,0.5,2,0.37498698126248614,False,0.21382710959660556,0.48351533845988565,0.675214965810577,577,214
MS,edge_weighted,50.0,0.5,3,0.34818440846420806,False,0.21819857373047596,0.559649326410104,0.758494623526571,693,237
MS,edge_weighted,50.0,0.55,0,0.35192899910411096,False,0.35848493414100724,0.7191549212511714,0.9113085805972763,720,239
MS,edge_weighted,50.0,0.55,1,0.5181523104230965,True,0.2553364923615864,0.6714940610890276,0.8746920426803375,605,216
MS,edge_weighted,50.0,0.55,2,0.39354164639223194,False,0.2546260205038632,0.5544318867878797,0.7109840931217447,563,209
MS,edge_weighted,50.0,0.55,3,0.5222167241270051,True,0.17002413675261452,0.6347962094710523,0.8299565418124318,578,214
MS,edge_weighted,100.0,0.4,0,0.36772203569439715,False,0.30091361932412325,0.48324204742716603,0.7438643076361687,549,203
MS,edge_weighted,100.0,0.4,1,0.3332231413879598,False,0.22582772090135947,0.5714692899200432,0.778956611594012,706,238
MS,edge_weighted,100.0,0.4,2,0.5368383332319155,True,0.14383516352649064,0.5607780777027964,0.7686126461970023,587,214
MS,edge_weighted,100.0,0.4,3,0.5483094558968247,True,0.11953311327232877,0.5202712582658299,0.7600692386612764,578,223
MS,edge_weighted,100.0,0.45,0,0.39132144464218394,False,0.13336897516518123,0.4932344834206061,0.6254074366623851,570,213
MS,edge_weighted,100.0,0.45,1,0.3387154045869342,False,0.2842039589939923,0.6033071878753842,0.8223246142385725,718,241
MS,edge_weighted,100.0,0.45,2,0.5194115121782635,True,0.1416478568836864,0.5807213602689751,0.7612227453654203,582,207
MS,edge_weighted,100.0,0.45,3,0.5365859592637798,True,0.15041611533819735,0.6458341840871629,0.7913174345517135,577,217
MS,edge_weighted,100.0,0.5,0,0.5417046151684103,True,0.136172578101553,0.47848612831120735,0.7068539347653562,552,208
MS,edge_weighted,100.0,0.5,1,0.5266584816308909,True,0.12789531077416083,0.5141609095453982,0.7060371740148269,593,215
MS,edge_weighted,100.0,0.5,2,0.3629773725092874,False,0.13859446138474657,0.5894379050411047,0.6867544995849938,566,217
MS,edge_weighted,100.0,0.5,3,0.3545169579386889,False,0.22032327558541884,0.544375036674579,0.7393697238490237,707,238
MS,edge_weighted,100.0,0.55,0,0.3401135576116427,False,0.26058509493769183,0.550387879891498,0.7682867396696409,714,238
MS,edge_weighted,100.0,0.55,1,0.38977918952842516,False,0.18541274350271522,0.6253675360751902,0.7458877018519311,582,216
MS,edge_weighted,100.0,0.55,2,0.5230879753476194,True,0.11759312470493424,0.5448191382241959,0.746443887751796,581,214
MS,edge_weighted,100.0,0.55,3,0.5329540604351373,True,0.11494073312272289,0.582891684546138,0.760554036767191,562,210
SC,edge_weighted,1.0,0.4,0,0.3658635099018577,False,0.16964843538643873,0.5945661269812268,0.6392298312999214,475,174
SC,edge_weighted,1.0,0.4,1,0.33091831785586084,False,0.3844393691204367,0.6990675602317387,0.8731252876659775,519,174
SC,edge_weighted,1.0,0.4,2,0.28304529377020515,False,0.2735950723114476,0.5970284783130395,0.7777575256965811,589,201
SC,edge_weighted,1.0,0.4,3,0.37405189620758483,False,0.25906512858583364,0.6054564068310575,0.8068438713912752,484,166
SC,edge_weighted,1.0,0.4,4,0.3769240740361721,False,0.2567628062056354,0.6546631201496487,0.789329077914293,555,194
SC,edge_weighted,1.0,0.4,5,0.46321461179736406,False,0.19871650841484817,0.6697597753566357,0.7790891500746842,610,214
SC,edge_weighted,1.0,0.4,6,0.4584787150263601,False,0.12567296132913985,0.4413133133462389,0.6213250962935929,605,200
SC,edge_weighted,1.0,0.45,0,0.3658635099018577,False,0.16964843538643873,0.5945661269812268,0.6392298312999214,475,174
SC,edge_weighted,1.0,0.45,1,0.33091831785586084,False,0.3844393691204367,0.6990675602317387,0.8731252876659775,519,174
SC,edge_weighted,1.0,0.45,2,0.28304529377020515,False,0.2735950723114476,0.5970284783130395,0.7777575256965811,589,201
SC,edge_weighted,1.0,0.45,3,0.37405189620758483,False,0.25906512858583364,0.6054564068310575,0.8068438713912752,484,166
SC,edge_weighted,1.0,0.45,4,0.3769240740361721,False,0.2567628062056354,0.6546631201496487,0.789329077914293,555,194
SC,edge_weighted,1.0,0.45,5,0.46321461179736406,False,0.19871650841484817,0.6697597753566357,0.7790891500746842,610,214
SC,edge_weighted,1.0,0.45,6,0.4584787150263601,False,0.12567296132913985,0.4413133133462389,0.6213250962935929,605,200
SC,edge_weighted,1.0,0.5,0,0.3658635099018577,False,0.16964843538643873,0.5945661269812268,0.6392298312999214,475,174
SC,edge_weighted,1.0,0.5,1,0.33091831785586084,False,0.3844393691204367,0.6990675602317387,0.8731252876659775,519,174
SC,edge_weighted,1.0,0.5,2,0.28304529377020515,False,0.2735950723114476,0.5970284783130395,0.7777575256965811,589,201
SC,edge_weighted,1.0,0.5,3,0.37405189620758483,False,0.25906512858583364,0.6054564068310575,0.8068438713912752,484,166
SC,edge_weighted,1.0,0.5,4,0.3769240740361721,False,0.2567628062056354,0.6546631201496487,0.789329077914293,555,194
SC,edge_weighted,1.0,0.5,5,0.46321461179736406,False,0.19871650841484817,0.6697597753566357,0.7790891500746842,610,214
SC,edge_weighted,1.0,0.5,6,0.4584787150263601,False,0.12567296132913985,0.4413133133462389,0.6213250962935929,605,200
SC,edge_weighted,1.0,0.55,0,0.3658635099018577,False,0.16964843538643873,0.5945661269812268,0.6392298312999214,475,174
SC,edge_weighted,1.0,0.55,1,0.33091831785586084,False,0.3844393691204367,0.6990675602317387,0.8731252876659775,519,174
SC,edge_weighted,1.0,0.55,2,0.28304529377020515,False,0.2735950723114476,0.5970284783130395,0.7777575256965811,589,201
SC,edge_weighted,1.0,0.55,3,0.37405189620758483,False,0.25906512858583364,0.6054564068310575,0.8068438713912752,484,166
SC,edge_weighted,1.0,0.55,4,0.3769240740361721,False,0.2567628062056354,0.6546631201496487,0.789329077914293,555,194
SC,edge_weighted,1.0,0.55,5,0.46321461179736406,False,0.19871650841484817,0.6697597753566357,0.7790891500746842,610,214
SC,edge_weighted,1.0,0.55,6,0.4584787150263601,False,0.12567296132913985,0.4413133133462389,0.6213250962935929,605,200
SC,edge_weighted,5.0,0.4,0,0.35109692150977967,False,0.1743137096898559,0.623083205479932,0.7070842969773702,472,176
SC,edge_weighted,5.0,0.4,1,0.32971136314556493,False,0.1644794670901761,0.5018211999184956,0.6616208538492069,525,180
SC,edge_weighted,5.0,0.4,2,0.2944138276211478,False,0.2946817928260281,0.6435356015526921,0.8537368542090397,559,191
SC,edge_weighted,5.0,0.4,3,0.40644361833952913,False,0.13684100664856652,0.5005230717142926,0.6351740534299319,499,173
SC,edge_weighted,5.0,0.4,4,0.3308855392277861,False,0.18795693323658452,0.4474599265874131,0.6611762537334397,500,182
SC,edge_weighted,5.0,0.4,5,0.475790791243163,False,0.09876515872158385,0.5218437107428434,0.5959572418261414,584,214
SC,edge_weighted,5.0,0.4,6,0.4647489098901639,False,0.09286673407058861,0.4648350752714375,0.6386476883827956,610,207
SC,edge_weighted,5.0,0.45,0,0.3333219414969967,False,0.10595732225610836,0.46543948989742057,0.5825383055628357,483,183
SC,edge_weighted,5.0,0.45,1,0.29558032198792544,False,0.18668577710361414,0.5475081233585684,0.7895417638470175,545,190
SC,edge_weighted,5.0,0.45,2,0.3288132024104326,False,0.11754928757293924,0.5176483085679076,0.6100741444887612,509,181
SC,edge_weighted,5.0,0.45,3,0.40946157466697314,False,0.13206004844773342,0.5473289883699693,0.7422375219549684,535,196
SC,edge_weighted,5.0,0.45,4,0.4885413444931943,False,0.08842010000771357,0.42443504966225387,0.5964032134674783,522,197
SC,edge_weighted,5.0,0.45,5,0.42993910958361015,False,0.10811566152439557,0.5677258788972296,0.7043407445587636,541,206
SC,edge_weighted,5.0,0.45,6,0.36745109196707276,False,0.1211499354940712,0.615554551565272,0.7199034975827371,477,170
SC,edge_weighted,5.0,0.5,0,0.42496212763397523,False,0.1599067851327549,0.5307694467791214,0.7084167158194489,524,189
SC,edge_weighted,5.0,0.5,1,0.38352222976226963,False,0.06681408743147027,0.36936929199295976,0.5456331193549394,526,204
SC,edge_weighted,5.0,0.5,2,0.3005479860045659,False,0.17978183322008182,0.4761937348816521,0.6663099230841887,491,177
SC,edge_weighted,5.0,0.5,3,0.3495704594359303,False,0.08376057054298912,0.3909545287937982,0.5409664810695471,444,169
SC,edge_weighted,5.0,0.5,4,0.271898504212119,False,0.1697930472384787,0.514636427236647,0.7315234506302334,549,199
SC,edge_weighted,5.0,0.5,5,0.4175974863079875,False,0.08698663332879705,0.3476210553378469,0.4927505426722889,474,188
SC,edge_weighted,5.0,0.5,6,0.5048039087093389,True,0.07465746748715102,0.4512427193812945,0.6227801497143634,511,197
SC,edge_weighted,5.0,0.55,0,0.37317639393449936,False,0.1431673431686224,0.4336328700999661,0.6751973568735755,477,163
SC,edge_weighted,5.0,0.55,1,0.4850129160096983,False,0.12863947989764285,0.5440817318281936,0.6770717554917346,610,221
SC,edge_weighted,5.0,0.55,2,0.3628842270202127,False,0.19206463822551517,0.5353089143462224,0.7447003456575692,544,191
SC,edge_weighted,5.0,0.55,3,0.4631155833857428,False,0.17048518220894085,0.4587285939386006,0.6323490906620745,593,198
SC,edge_weighted,5.0,0.55,4,0.3490630870649315,False,0.21996269873982377,0.6081935969681225,0.778155696438642,502,181
SC,edge_weighted,5.0,0.55,5,0.2882170069767092,False,0.2616865434514931,0.6165101376902771,0.8450940573903571,555,193
SC,edge_weighted,5.0,0.55,6,0.33147448959344006,False,0.1771164296019478,0.6305776928723433,0.717766303521446,491,176
SC,edge_weighted,10.0,0.4,0,0.36829588535455665,False,0.12182248056790236,0.47272834509023925,0.6116981367766087,498,185
SC,edge_weighted,10.0,0.4,1,0.32383114618451375,False,0.17112505248264687,0.4982490676797916,0.686627067758879,515,173
SC,edge_weighted,10.0,0.4,2,0.27038932116434283,False,0.11883771056682704,0.5198427904558681,0.6795007711701013,536,195
SC,edge_weighted,10.0,0.4,3,0.5190376626216245,True,0.15189347631503475,0.48835654903638626,0.6873829592184217,574,199
SC,edge_weighted,10.0,0.4,4,0.42536127652178196,False,0.09031844583350052,0.38437817675324526,0.6300353040273444,611,221
SC,edge_weighted,10.0,0.4,5,0.37696755936513143,False,0.23571524717141756,0.5863037824991005,0.7570033837682676,536,191
SC,edge_weighted,10.0,0.4,6,0.3691197774102603,False,0.1865783868976023,0.5285900668525096,0.7162575604759205,468,159
SC,edge_weighted,10.0,0.45,0,0.37367761008076417,False,0.0875579773949063,0.4169399570187038,0.5590019003744514,434,174
SC,edge_weighted,10.0,0.45,1,0.2968372159184165,False,0.2613535007034422,0.6486398241175444,0.7960344987177763,536,188
SC,edge_weighted,10.0,0.45,2,0.3149788522278932,False,0.1635982057570545,0.559498753394782,0.7553037650150657,524,185
SC,edge_weighted,10.0,0.45,3,0.5352234488175831,True,0.08595177775748229,0.4006425381992708,0.5238513630349637,580,216
SC,edge_weighted,10.0,0.45,4,0.4308085698515766,False,0.2739380949455648,0.5327408333062389,0.7910963429223778,520,187
SC,edge_weighted,10.0,0.45,5,0.3605332537976684,False,0.06975924245111943,0.28214603569296637,0.42016197212253115,456,167
SC,edge_weighted,10.0,0.45,6,0.3411738651370202,False,0.1307506132317979,0.589586205790778,0.6737297591235539,557,206
SC,edge_weighted,10.0,0.5,0,0.3478222819034231,False,0.26814214987213875,0.5690395922715629,0.7934893209164582,504,184
SC,edge_weighted,10.0,0.5,1,0.3341689289780191,False,0.21263439120347943,0.5764519290507716,0.7754211523560743,521,174
SC,edge_weighted,10.0,0.5,2,0.3315709318697739,False,0.15407517213165658,0.45121341487402766,0.6849872499478162,490,180
SC,edge_weighted,10.0,0.5,3,0.33606623547746656,False,0.2359728759862147,0.5976024175425456,0.7412892118834299,518,185
SC,edge_weighted,10.0,0.5,4,0.3679717373574265,False,0.09227661991289843,0.37865090244119604,0.535173082865946,480,169
SC,edge_weighted,10.0,0.5,5,0.5413985719251095,True,0.2211201367881091,0.5940261295628012,0.7644503052038989,599,209
SC,edge_weighted,10.0,0.5,6,0.39401516362588007,False,0.13384315312357276,0.5899531477948357,0.7621370040145994,632,222
SC,edge_weighted,10.0,0.55,0,0.350778430653137,False,0.1478188428564525,0.586989700988031,0.6960630788420094,482,178
SC,edge_weighted,10.0,0.55,1,0.3304257080336239,False,0.1878329072174407,0.514061012095612,0.7553731950161494,519,189
SC,edge_weighted,10.0,0.55,2,0.2944105112375584,False,0.21802672028839554,0.6636255644717275,0.811640101972212,543,186
SC,edge_weighted,10.0,0.55,3,0.4708765547752713,False,0.16471823777224817,0.5560539317525658,0.7228545276935012,588,194
SC,edge_weighted,10.0,0.55,4,0.43374605839126223,False,0.19992892882057117,0.5791028425970944,0.8000346095166788,545,197
SC,edge_weighted,10.0,0.55,5,0.45846219502353364,False,0.11888491434576356,0.4997950183016661,0.6763262661063011,550,205
SC,edge_weighted,10.0,0.55,6,0.3144967212419468,False,0.1445667135754298,0.5903972516928176,0.7313642803937169,468,174
SC,edge_weighted,50.0,0.4,0,0.37132258470151497,False,0.28242998998665964,0.7121723530351074,0.8654249857004217,481,162
SC,edge_weighted,50.0,0.4,1,0.27039298489530167,False,0.16177957421757772,0.5019028188191816,0.6943824185590309,530,193
SC,edge_weighted,50.0,0.4,2,0.3300710332910451,False,0.06644986661873577,0.3489810403638014,0.4379993388853914,450,167
SC,edge_weighted,50.0,0.4,3,0.45257195563876024,False,0.13854040868897627,0.5697986302415469,0.696589136133278,635,232
SC,edge_weighted,50.0,0.4,4,0.36442222690536075,False,0.23353540632211725,0.5356990908714812,0.7662487530440084,510,184
SC,edge_weighted,50.0,0.4,5,0.5401686652164883,True,0.09285611942383203,0.3831378371139909,0.5520047713721772,480,181
SC,edge_weighted,50.0,0.4,6,0.3238880903504801,False,0.22325647468851642,0.547988872755847,0.769219974864685,581,204
SC,edge_weighted,50.0,0.45,0,0.3484870646936195,False,0.1709746952839715,0.512369130544839,0.6993911223171903,479,178
SC,edge_weighted,50.0,0.45,1,0.2962239931173462,False,0.25920776175102006,0.5742177660078759,0.787097144097465,554,191
SC,edge_weighted,50.0,0.45,2,0.32469416551365127,False,0.14378192409644128,0.4349167242858825,0.6138745131027024,520,181
SC,edge_weighted,50.0,0.45,3,0.42370473963682453,False,0.14524190433812764,0.6425713151498609,0.7251376090531977,522,193
SC,edge_weighted,50.0,0.45,4,0.5217063403690795,True,0.13335214312744498,0.48091422234629666,0.6296328980224859,547,198
SC,edge_weighted,50.0,0.45,5,0.3416915041973148,False,0.050829723996163235,0.31138484209795914,0.3803856130379263,455,170
SC,edge_weighted,50.0,0.45,6,0.3960613708638789,False,0.13856310711591874,0.598046454595595,0.7503747874373707,573,212
SC,edge_weighted,50.0,0.5,0,0.39085527144476634,False,0.11370895795531268,0.440709541092787,0.6302113671408375,468,183
SC,edge_weighted,50.0,0.5,1,0.3628358901182191,False,0.105915736659386,0.43183828905594746,0.5782546489122699,466,165
SC,edge_weighted,50.0,0.5,2,0.36070502312571007,False,0.10099434361871899,0.4959879170686832,0.6250726771690652,574,210
SC,edge_weighted,50.0,0.5,3,0.5057927530359939,True,0.17416459673764728,0.5448417835880114,0.7003382028159841,513,181
SC,edge_weighted,50.0,0.5,4,0.42579031530608064,False,0.05650022824002121,0.42795660190809653,0.619741081723409,508,206
SC,edge_weighted,50.0,0.5,5,0.26586309686594106,False,0.13755313470705124,0.5417637807465232,0.6679449619190002,544,193
SC,edge_weighted,50.0,0.5,6,0.3413020703144742,False,0.13888366707286662,0.5403323799381506,0.6777105133009135,507,185
SC,edge_weighted,50.0,0.55,0,0.35512430948657897,False,0.31456696290156916,0.619839484963589,0.8354522157944071,506,182
SC,edge_weighted,50.0,0.55,1,0.29189397553470836,False,0.25818216192927834,0.5634688503076272,0.7917032756427703,563,192
SC,edge_weighted,50.0,0.55,2,0.33013363576738086,False,0.29085398744685104,0.7180867824754417,0.8410174717296474,484,173
SC,edge_weighted,50.0,0.55,3,0.46064825897528844,False,0.337360714779777,0.6147131965392032,0.8635513696488819,575,206
SC,edge_weighted,50.0,0.55,4,0.3618586394246638,False,0.21012385185165383,0.5626468058157118,0.7583585975970617,464,167
SC,edge_weighted,50.0,0.55,5,0.4930190015504215,False,0.15081354635849706,0.562542192155717,0.6872780124933733,610,204
SC,edge_weighted,50.0,0.55,6,0.3603633091702423,False,0.14894167286392662,0.4968289559734793,0.7081559763596437,539,199
SC,edge_weighted,100.0,0.4,0,0.2398264761972513,False,0.1155310121784385,0.3884329428907769,0.6098921141952827,507,189
SC,edge_weighted,100.0,0.4,1,0.4444190405259433,False,0.10744920541055358,0.3720683045748035,0.557623636044383,482,183
SC,edge_weighted,100.0,0.4,2,0.3628428279423072,False,0.14715406653354182,0.5866483400695696,0.7638158399721788,530,186
SC,edge_weighted,100.0,0.4,3,0.44377741261769243,False,0.3195417942437681,0.6727601361521699,0.8410129280320193,558,199
SC,edge_weighted,100.0,0.4,4,0.41622714113999953,False,0.06513693588223261,0.32840510788753824,0.4758401626780685,477,187
SC,edge_weighted,100.0,0.4,5,0.34006979309477564,False,0.14024075704648487,0.44015768547808676,0.5675747857350618,469,166
SC,edge_weighted,100.0,0.4,6,0.40578066937377677,False,0.1772836084342173,0.5264412937674193,0.7715208483604742,600,213
SC,edge_weighted,100.0,0.45,0,0.3256591777162556,False,0.1567889022423063,0.48764254218381464,0.7079651436741017,475,180
SC,edge_weighted,100.0,0.45,1,0.28648381726732663,False,0.24461582575708316,0.5657709091731252,0.7995487584021485,565,196
SC,edge_weighted,100.0,0.45,2,0.3710382790238938,False,0.05732509757428444,0.44637806764787713,0.5971239318095605,467,183
SC,edge_weighted,100.0,0.45,3,0.37217243318152654,False,0.13117212133997422,0.36998886813018744,0.6001321290825198,473,164
SC,edge_weighted,100.0,0.45,4,0.38050970166906173,False,0.040941724561275705,0.3700675851817927,0.5385365697197786,507,212
SC,edge_weighted,100.0,0.45,5,0.48855854624948764,False,0.0683581313519452,0.4086277100330327,0.5708885648631112,533,192
SC,edge_weighted,100.0,0.45,6,0.4283899707128188,False,0.1293618952376596,0.6723037869831074,0.7329914252957764,526,196
SC,edge_weighted,100.0,0.5,0,0.339071389615575,False,0.20548399440683687,0.5665354566079793,0.7530962745288425,578,202
SC,edge_weighted,100.0,0.5,1,0.2892919955414766,False,0.2815647711089763,0.5964714132765827,0.8405561657010222,609,207
SC,edge_weighted,100.0,0.5,2,0.24317536889897842,False,0.18331490466178693,0.5133189083437087,0.5681317530013892,235,84
SC,edge_weighted,100.0,0.5,3,0.3715273145572759,False,0.08075390084377608,0.36091888111666676,0.47835622862715726,507,176
SC,edge_weighted,100.0,0.5,4,0.45106804948824597,False,0.08914188159772787,0.46695525777978963,0.6263364784737242,663,247
SC,edge_weighted,100.0,0.5,5,0.466446442464329,False,0.1250788075806408,0.4633628329863659,0.6219184967709552,595,206
SC,edge_weighted,100.0,0.5,6,0.41692998649738694,False,0.11822530998849744,0.47719935764633964,0.6557204896453714,529,201
SC,edge_weighted,100.0,0.55,0,0.28868906314350645,False,0.10105881429557112,0.4130712446329452,0.5309653562642016,502,181
SC,edge_weighted,100.0,0.55,1,0.2816112486807686,False,0.18708926533455225,0.5638048969488046,0.8203967556411202,540,189
SC,edge_weighted,100.0,0.55,2,0.3671469646072508,False,0.2415029265271488,0.512043847470726,0.7565912790636689,491,179
SC,edge_weighted,100.0,0.55,3,0.43286444401007673,False,0.12739779670684928,0.4537017753868962,0.5902981268495242,561,195
SC,edge_weighted,100.0,0.55,4,0.36230180105049886,False,0.09179713812043956,0.42917310439983847,0.5897573874314886,519,196
SC,edge_weighted,100.0,0.55,5,0.5009678821699153,True,0.15466459931035373,0.6545616000382636,0.734490854734997,526,199
SC,edge_weighted,100.0,0.55,6,0.4192142127285884,False,0.13069077014504424,0.476797202780413,0.7055087098938752,491,184
