GEOID,state,county,tract,total_pop,male,female,white_non_hispanic,black_non_hispanic,asian_non_hispanic,hispanic,other
08039961205,08,039,961205,2107,1081,1026,1736,10,8,216,137
08039961206,08,039,961206,3521,1734,1787,3010,15,31,267,198
08039961208,08,039,961208,3985,1962,2023,3393,10,27,306,249
08039961209,08,039,961209,2386,1203,1183,2124,7,8,134,113
08041000102,08,041,000102,3413,1687,1726,2465,83,33,584,248
08041000103,08,041,000103,3025,1402,1623,1950,215,88,536,236
08041000104,08,041,000104,3484,1691,1793,2503,161,80,502,238
08041000202,08,041,000202,4472,2285,2187,3144,171,64,753,340
08041000203,08,041,000203,4425,2260,2165,3212,144,94,672,303
08041000301,08,041,000301,3262,1612,1650,2141,101,40,776,204
08041000302,08,041,000302,4360,2248,2112,2652,242,76,1066,324
08041000400,08,041,000400,2486,1143,1343,1971,62,15,303,135
08041000500,08,041,000500,2016,959,1057,1637,36,28,207,108
08041000600,08,041,000600,3227,1572,1655,2310,98,28,545,246
08041000700,08,041,000700,3325,1599,1726,2179,260,45,594,247
08041000800,08,041,000800,2606,1232,1374,1908,94,24,400,180
08041000900,08,041,000900,2269,1058,1211,1884,28,18,197,142
08041001000,08,041,001000,2301,1059,1242,1973,19,16,158,135
08041001101,08,041,001101,1347,703,644,901,53,16,272,105
08041001104,08,041,001104,3349,1620,1729,2317,125,57,592,258
08041001301,08,041,001301,2203,1146,1057,1698,33,29,268,175
08041001302,08,041,001302,5392,2640,2752,3908,167,49,878,390
08041001400,08,041,001400,3365,1673,1692,2637,38,43,440,207
08041001500,08,041,001500,2453,1261,1192,1748,84,24,423,174
08041001600,08,041,001600,3648,1754,1894,2652,139,244,349,264
08041001700,08,041,001700,1733,841,892,1228,84,31,237,153
08041001800,08,041,001800,1967,924,1043,1578,27,24,226,112
08041001901,08,041,001901,2126,1026,1100,1451,86,19,387,183
08041001902,08,041,001902,2276,1110,1166,1197,219,36,631,193
08041002000,08,041,002000,6759,3442,3317,3920,479,135,1591,634
08041002101,08,041,002101,3972,2021,1951,2249,387,62,896,378
08041002102,08,041,002102,4989,2553,2436,2381,417,82,1744,365
08041002200,08,041,002200,2719,1356,1363,1678,225,44,571,201
08041002300,08,041,002300,2139,1275,864,1447,189,39,309,155
08041002401,08,041,002401,2807,1200,1607,2215,43,33,354,162
08041002402,08,041,002402,3512,1641,1871,2633,61,127,513,178
08041002501,08,041,002501,3550,1729,1821,3016,15,102,222,195
08041002502,08,041,002502,3754,1851,1903,2773,142,84,477,278
08041002700,08,041,002700,3172,1495,1677,1961,300,24,617,270
08039961207,08,039,961207,4045,2040,2005,3495,15,18,282,235
08039961204,08,039,961204,7999,4039,3960,6682,61,92,689,475
08031000401,08,031,000401,3174,1553,1621,2011,54,52,910,147
08031000301,08,031,000301,5779,2838,2941,4451,46,108,906,268
08031000302,08,031,000302,4412,2106,2306,3372,68,87,665,220
08031000303,08,031,000303,5479,2662,2817,4360,48,131,676,264
08031000403,08,031,000403,3682,1859,1823,2644,50,65,772,151
08031000404,08,031,000404,2956,1496,1460,2269,87,72,361,167
08031000501,08,031,000501,2014,984,1030,1552,20,37,294,111
08031000503,08,031,000503,2269,1069,1200,1285,83,124,656,121
08031000504,08,031,000504,3648,1839,1809,2582,80,96,651,239
08031000600,08,031,000600,4742,2525,2217,3385,93,151,879,234
08031000703,08,031,000703,2603,1350,1253,1591,108,47,724,133
08031000704,08,031,000704,2715,1400,1315,1410,113,56,1007,129
08031000705,08,031,000705,3134,1595,1539,1407,304,74,1171,178
08031000706,08,031,000706,2872,1549,1323,1291,195,117,1072,197
08031000800,08,031,000800,1127,481,646,149,351,37,501,89
08031000902,08,031,000902,5345,2702,2643,1351,77,86,3658,173
08031000903,08,031,000903,5780,3010,2770,1406,71,69,3998,236
08031000904,08,031,000904,4711,2440,2271,1134,194,46,3161,176
08031000905,08,031,000905,3269,1751,1518,1034,48,18,2069,100
08031001000,08,031,001000,3683,1809,1874,717,146,85,2573,162
08031001101,08,031,001101,2743,1394,1349,1272,160,47,1119,145
08031001102,08,031,001102,5274,2598,2676,3940,96,168,791,279
08031001301,08,031,001301,4834,2496,2338,1249,71,271,3048,195
08031001302,08,031,001302,3759,1963,1796,1065,49,72,2399,174
08031001401,08,031,001401,5935,2951,2984,1309,190,388,3857,191
08031001402,08,031,001402,4048,2096,1952,988,161,221,2492,186
08031001403,08,031,001403,3374,1816,1558,2213,116,80,753,212
08031001500,08,031,001500,4580,2482,2098,1616,393,52,2336,183
08031001601,08,031,001601,2995,1584,1411,1984,222,86,567,136
08031001602,08,031,001602,5167,2876,2291,3920,156,185,619,287
08031001603,08,031,001603,6613,3813,2800,4313,571,139,1156,434
08031001703,08,031,001703,3487,1783,1704,2901,46,109,263,168
08031001704,08,031,001704,2383,1291,1092,1668,98,233,235,149
08031001705,08,031,001705,4401,2394,2007,3434,85,207,380,295
08031001706,08,031,001706,2449,1461,988,1669,163,114,332,171
08031001707,08,031,001707,2478,1489,989,1763,99,143,338,135
08031001800,08,031,001800,3306,1805,1501,1876,185,112,929,204
08031001901,08,031,001901,3903,1985,1918,1445,592,119,1474,273
08069001707,08,069,001707,5472,2730,2742,4054,55,48,1002,313
08069001608,08,069,001608,7666,3817,3849,5821,62,718,603,462
08069001706,08,069,001706,6476,3120,3356,4876,68,82,1089,361
08069001708,08,069,001708,4109,2025,2084,3077,73,142,604,213
08069001710,08,069,001710,6888,3310,3578,5099,64,72,1216,437
08069001711,08,069,001711,3655,1800,1855,2821,25,59,513,237
08069001712,08,069,001712,4053,2033,2020,3442,21,37,370,183
08069001713,08,069,001713,4965,2509,2456,3902,41,93,659,270
08069001714,08,069,001714,7436,3718,3718,6264,60,143,629,340
08069001715,08,069,001715,5029,2302,2727,3956,35,97,619,322
08069001804,08,069,001804,3646,1830,1816,2839,14,25,541,227
08069001807,08,069,001807,5829,2873,2956,4732,26,69,717,285
08069001808,08,069,001808,5146,2555,2591,4484,21,58,307,276
08069001810,08,069,001810,5298,2464,2834,4303,44,57,623,271
08069001811,08,069,001811,2499,1213,1286,2140,22,19,198,120
08069001812,08,069,001812,6633,3264,3369,5681,31,72,500,349
08069001813,08,069,001813,5436,2578,2858,4350,64,139,594,289
08069001901,08,069,001901,3890,1903,1987,3122,28,23,524,193
08069001902,08,069,001902,4591,2223,2368,3724,31,49,576,211
08069001904,08,069,001904,2130,1080,1050,1914,6,16,83,111
08069001905,08,069,001905,1801,918,883,1618,3,7,94,79
08069002005,08,069,002005,5078,2549,2529,3846,31,36,855,310
08069002007,08,069,002007,3730,1874,1856,2994,51,39,436,210
08069002008,08,069,002008,4007,1959,2048,3170,39,43,513,242
08069002010,08,069,002010,2452,1244,1208,2186,3,24,122,117
08069002011,08,069,002011,5506,2730,2776,4776,19,50,402,259
08069002300,08,069,002300,3593,1833,1760,3070,23,63,245,192
08069002401,08,069,002401,1394,708,686,1248,9,2,69,66
08069002403,08,069,002403,1666,851,815,1430,2,11,107,116
08069002404,08,069,002404,1454,757,697,1296,15,7,68,68
08069002503,08,069,002503,2836,1411,1425,2430,12,12,231,151
08069002504,08,069,002504,2501,1273,1228,1592,17,20,760,112
08069002505,08,069,002505,7983,3983,4000,6556,49,339,582,457
08069002506,08,069,002506,3592,1759,1833,3134,25,61,237,135
08069002507,08,069,002507,4947,2547,2400,3916,19,28,690,294
08069002508,08,069,002508,7999,4021,3978,6150,72,48,1161,568
08001007801,08,001,007801,3936,2075,1861,598,636,896,1681,125
08001007802,08,001,007802,3893,2046,1847,488,702,315,2176,212
08001007900,08,001,007900,5490,2959,2531,1262,813,134,3006,275
08001008000,08,001,008000,6775,3459,3316,1880,863,280,3419,333
08001008100,08,001,008100,1378,720,658,783,146,201,180,68
08001008200,08,001,008200,6521,3618,2903,1488,907,387,3431,308
08001008308,08,001,008308,6714,3471,3243,1274,944,171,4081,244
08001008309,08,001,008309,4278,2132,2146,619,290,120,3163,86
08001008354,08,001,008354,4022,1985,2037,1052,1139,256,1272,303
08001008355,08,001,008355,4820,2483,2337,1443,528,127,2479,243
08001008401,08,001,008401,5537,2832,2705,3848,78,25,1238,348
08001008402,08,001,008402,5325,2738,2587,4089,35,49,882,270
08001008505,08,001,008505,7126,3659,3467,3859,90,146,2703,328
08001008506,08,001,008506,6460,3172,3288,3250,176,220,2414,400
08001008507,08,001,008507,6290,3229,3061,3428,72,142,2274,374
08001008508,08,001,008508,5558,2740,2818,3189,82,193,1726,368
08005086801,08,005,086801,4342,2122,2220,1909,1240,220,709,264
08005086600,08,005,086600,6842,3288,3554,5092,327,406,617,400
08005086700,08,005,086700,6707,3341,3366,4638,348,544,715,462
08005086802,08,005,086802,2909,1371,1538,1226,863,267,392,161
08005086900,08,005,086900,3251,1626,1625,1157,1018,232,613,231
08005087000,08,005,087000,5117,2438,2679,1876,1307,314,1288,332
08005087100,08,005,087100,2589,1177,1412,1215,575,118,532,149
08005087200,08,005,087200,4739,2332,2407,2618,713,387,708,313
08005087301,08,005,087301,4977,2541,2436,1955,1060,174,1421,367
08005087302,08,005,087302,2654,1316,1338,1409,356,109,618,162
08005980000,08,005,980000,130,56,74,86,6,7,15,16
08007940400,08,007,940400,1431,777,654,1097,3,12,205,114
08007974201,08,007,974201,1876,960,916,1529,1,2,195,149
08007974202,08,007,974202,4308,2120,2188,3246,8,58,739,257
08007974300,08,007,974300,3731,1860,1871,2703,20,20,738,250
08007974400,08,007,974400,2013,1007,1006,1600,9,9,282,113
08009964600,08,009,964600,1588,824,764,1340,6,1,136,105
08009964700,08,009,964700,1918,965,953,1576,13,7,210,112
08011966701,08,011,966701,2081,1737,344,1010,224,23,731,93
08011966702,08,011,966702,3569,1761,1808,2305,31,16,1029,188
08013012101,08,013,012101,4793,2346,2447,4215,19,97,219,243
08013012103,08,013,012103,3810,1888,1922,3042,31,123,384,230
08013012104,08,013,012104,2666,1296,1370,2209,21,75,216,145
08013012105,08,013,012105,6635,3319,3316,4025,56,330,1896,328
08013012106,08,013,012106,2800,1378,1422,2248,27,69,289,167
08013012107,08,013,012107,4200,2127,2073,3218,42,132,568,240
08013012201,08,013,012201,3482,1788,1694,3019,23,96,155,189
08013012204,08,013,012204,3462,1764,1698,2898,33,85,268,178
08013012205,08,013,012205,2938,1631,1307,2393,30,150,212,153
08089968200,08,089,968200,2743,1363,1380,1560,12,22,1043,106
08089968300,08,089,968300,3966,1923,2043,2307,34,39,1427,159
08089968400,08,089,968400,1013,503,510,664,1,0,302,46
08089968500,08,089,968500,1763,892,871,1310,1,3,386,63
08089968600,08,089,968600,5023,2474,2549,2048,63,23,2666,223
08091967601,08,091,967601,1339,685,654,1202,4,2,76,55
08091967602,08,091,967602,3535,1763,1772,3106,12,26,216,175
08093000101,08,093,000101,1642,873,769,1379,2,7,140,114
08093000102,08,093,000102,4432,2296,2136,3864,21,20,290,237
08093000200,08,093,000200,3688,1933,1755,3100,21,20,265,282
08093000300,08,093,000300,2770,1544,1226,2347,18,23,238,144
08093000400,08,093,000400,2375,1300,1075,2033,12,17,177,136
08093000500,08,093,000500,2483,1274,1209,2179,15,12,125,152
08095967600,08,095,967600,3074,1494,1580,1932,6,18,1063,55
08095967700,08,095,967700,1456,721,735,1314,4,4,92,42
08097000101,08,097,000101,3989,2063,1926,3416,26,54,341,152
08097000102,08,097,000102,3795,1987,1808,3010,15,34,604,132
08097000402,08,097,000402,2582,1338,1244,2033,22,57,369,101
08097000403,08,097,000403,2332,1181,1151,2020,11,42,170,89
08097000404,08,097,000404,2059,1017,1042,1747,13,46,171,82
08097000500,08,097,000500,2601,1336,1265,2207,7,47,237,103
08099000100,08,099,000100,1425,708,717,1094,4,1,278,48
08099000200,08,099,000200,2448,1239,1209,920,13,10,1375,130
08099000300,08,099,000300,4789,2305,2484,2803,61,12,1722,191
08099000600,08,099,000600,1406,713,693,794,2,8,525,77
08099000700,08,099,000700,1931,964,967,1075,3,0,780,73
08101000100,08,101,000100,2820,1343,1477,1481,50,24,1129,136
08101000200,08,101,000200,1906,958,948,654,41,7,1088,116
08101000300,08,101,000300,1495,764,731,778,238,19,419,41
08101000400,08,101,000400,2664,1320,1344,1272,42,8,1194,148
08013012206,08,013,012206,3319,1809,1510,2426,69,286,306,232
08013012207,08,013,012207,5467,2836,2631,3235,57,354,1548,273
08013012208,08,013,012208,2501,1349,1152,1947,21,154,230,149
08013012300,08,013,012300,7059,3815,3244,4873,189,1161,675,161
08013012401,08,013,012401,5878,2914,2964,4857,67,154,533,267
08013012501,08,013,012501,2472,1279,1193,1915,25,144,238,150
08013012505,08,013,012505,4251,2159,2092,3493,18,243,209,288
08013012507,08,013,012507,4404,2482,1922,3435,51,257,397,264
08087000300,08,087,000300,1805,941,864,956,28,2,753,66
08085966602,08,085,966602,4692,2355,2337,4065,12,32,345,238
08087000100,08,087,000100,2636,1347,1289,2243,2,5,308,78
08087000200,08,087,000200,3420,1738,1682,2576,22,14,661,147
08087000400,08,087,000400,4522,2248,2274,2225,199,28,1935,135
08087000500,08,087,000500,2636,1342,1294,998,289,15,1235,99
08087000600,08,087,000600,6374,3215,3159,2688,329,41,3148,168
08087000700,08,087,000700,5882,2840,3042,3388,65,41,2225,163
08087000800,08,087,000800,1836,922,914,1472,1,7,301,55
08089968000,08,089,968000,1653,788,865,1294,3,0,293,63
08089968100,08,089,968100,2529,1272,1257,830,20,11,1585,83
08005006200,08,005,006200,3096,1653,1443,2322,38,53,465,218
08005006300,08,005,006300,2655,1348,1307,2024,21,42,373,195
08005006400,08,005,006400,2995,1514,1481,2003,86,64,656,186
08005006501,08,005,006501,2133,1038,1095,1620,19,50,302,142
08005006502,08,005,006502,3302,1638,1664,2636,37,40,405,184
08005006601,08,005,006601,5531,2842,2689,3227,195,113,1638,358
08005006603,08,005,006603,3200,1532,1668,2627,31,48,308,186
08005006604,08,005,006604,3766,1808,1958,2584,68,95,795,224
08005006704,08,005,006704,4596,2306,2290,3993,40,176,187,200
08005006705,08,005,006705,1846,922,924,1602,18,51,80,95
08005006706,08,005,006706,5003,2364,2639,3953,57,358,400,235
08005006707,08,005,006707,4705,2364,2341,3702,98,268,382,255
08005006708,08,005,006708,5155,2541,2614,4223,62,263,321,286
08005006709,08,005,006709,5822,2870,2952,4555,79,469,378,341
08005006711,08,005,006711,4315,2149,2166,3498,41,222,356,198
08005006712,08,005,006712,1498,761,737,1301,11,79,53,54
08005006713,08,005,006713,1754,958,796,977,44,478,175,80
08005006808,08,005,006808,5650,2785,2865,4417,47,545,279,362
08005006815,08,005,006815,4617,2387,2230,2639,212,701,742,323
08005006854,08,005,006854,3194,1590,1604,1786,217,628,367,196
08005006857,08,005,006857,2233,1113,1120,1762,18,236,105,112
08005006000,08,005,006000,2708,1402,1306,1974,70,27,456,181
08005005800,08,005,005800,2591,1272,1319,2132,25,32,251,151
08005005951,08,005,005951,4362,2093,2269,3247,132,76,591,316
08005005952,08,005,005952,3848,1865,1983,2805,113,182,528,220
08005006100,08,005,006100,3308,1719,1589,2368,139,38,533,230
08005006859,08,005,006859,3561,1753,1808,2120,185,692,383,181
08005006860,08,005,006860,1742,806,936,1205,73,208,185,71
08005006861,08,005,006861,4220,2135,2085,2827,75,795,269,254
08005006862,08,005,006862,1810,872,938,1135,11,444,115,105
08005006863,08,005,006863,6669,3292,3377,3581,628,809,1118,533
08005006864,08,005,006864,3203,1972,1231,2076,358,358,300,111
08005007101,08,005,007101,6272,3201,3071,4842,63,40,995,332
08005007103,08,005,007103,1715,872,843,1226,26,13,341,109
08005007106,08,005,007106,6492,3195,3297,3822,584,628,976,482
08005007108,08,005,007108,3226,1710,1516,1767,327,178,672,282
08005007109,08,005,007109,2355,1194,1161,1158,342,211,490,154
08005007110,08,005,007110,7369,3707,3662,3551,1036,398,1883,501
08005082900,08,005,082900,5094,2548,2546,2225,741,321,1448,359
08005082600,08,005,082600,5968,2985,2983,1805,1507,244,1947,465
08005082700,08,005,082700,3586,1769,1817,1383,693,278,951,281
08005082800,08,005,082800,5352,2641,2711,2284,878,264,1578,348
08005083000,08,005,083000,4040,2025,2015,1932,532,619,709,248
08005083100,08,005,083100,7649,3748,3901,2939,1537,931,1658,584
08005083201,08,005,083201,6292,3143,3149,3410,675,714,986,507
08005083202,08,005,083202,3334,1698,1636,1832,412,218,597,275
08005083300,08,005,083300,4705,2265,2440,2504,723,301,889,288
08005083400,08,005,083400,7265,3665,3600,3794,935,491,1499,546
08005083500,08,005,083500,5541,2742,2799,2244,987,447,1450,413
08005083600,08,005,083600,3692,1787,1905,2065,373,232,746,276
08005083700,08,005,083700,4399,2020,2379,2993,314,405,407,280
08005083800,08,005,083800,3102,1505,1597,1602,550,237,501,212
08005083900,08,005,083900,3220,1465,1755,1936,365,194,482,243
08005084000,08,005,084000,2454,1246,1208,1386,185,118,580,185
08005084100,08,005,084100,4713,2362,2351,2441,693,215,946,418
08005084200,08,005,084200,3835,1924,1911,1959,399,127,1069,281
08005084300,08,005,084300,3636,1778,1858,1874,447,199,825,291
08005084400,08,005,084400,3213,1578,1635,1537,334,134,912,296
08005084500,08,005,084500,2914,1445,1469,1438,384,118,751,223
08005084600,08,005,084600,5508,2726,2782,3120,524,318,1129,417
08005084700,08,005,084700,4940,2523,2417,2825,471,252,1018,374
08005084800,08,005,084800,3519,1764,1755,2215,273,220,550,261
08005084900,08,005,084900,3243,1624,1619,2217,245,301,252,228
08005085000,08,005,085000,2704,1367,1337,1440,223,453,430,158
08005085100,08,005,085100,6770,3408,3362,3981,367,1377,599,446
08005085200,08,005,085200,3131,1539,1592,2237,82,338,233,241
08005085300,08,005,085300,2576,1261,1315,1521,224,347,311,173
08005085400,08,005,085400,4444,2177,2267,2886,333,313,557,355
08005085500,08,005,085500,5286,2662,2624,3637,338,353,588,370
08005085600,08,005,085600,3257,1605,1652,2192,162,406,354,143
08005085700,08,005,085700,4878,2421,2457,2614,446,231,1239,348
08005085800,08,005,085800,1712,840,872,1013,169,95,325,110
08005085900,08,005,085900,9218,4523,4695,4622,1197,1257,1504,638
08005086001,08,005,086001,4012,1940,2072,2375,341,348,652,296
08005086002,08,005,086002,3850,1925,1925,2119,457,315,671,288
08005086100,08,005,086100,4986,2521,2465,3055,422,368,840,301
08005086200,08,005,086200,6484,3235,3249,3977,485,663,895,464
08005086300,08,005,086300,4468,2252,2216,2556,347,566,656,343
08005086400,08,005,086400,2018,1034,984,1644,48,98,120,108
08005086500,08,005,086500,5351,2522,2829,3316,476,585,620,354
08059011724,08,059,011724,7559,3706,3853,6181,34,354,614,376
08059011720,08,059,011720,5147,2623,2524,4187,46,205,433,276
08059011721,08,059,011721,2719,1379,1340,2242,24,119,197,137
08059011723,08,059,011723,3310,1635,1675,2395,60,136,551,168
08059011725,08,059,011725,1740,876,864,1473,8,38,141,80
08059011726,08,059,011726,5767,2812,2955,4576,23,379,549,240
08059011727,08,059,011727,3735,1810,1925,2826,31,121,581,176
08059011728,08,059,011728,2713,1315,1398,2025,28,128,395,137
08059011729,08,059,011729,3815,1816,1999,2575,68,89,843,240
08059011730,08,059,011730,3706,1845,1861,2458,50,106,893,199
08059011731,08,059,011731,4364,2161,2203,3238,71,220,598,237
08059011732,08,059,011732,4466,2375,2091,3091,111,134,820,310
08059011733,08,059,011733,2339,1158,1181,1642,61,102,401,133
08059011803,08,059,011803,5275,2650,2625,2386,60,397,2184,248
08059011804,08,059,011804,4111,2034,2077,2194,38,279,1366,234
08059011806,08,059,011806,5320,2558,2762,2467,118,201,2251,283
08059011807,08,059,011807,2558,1207,1351,1654,49,160,548,147
08059011808,08,059,011808,2682,1387,1295,1481,73,80,875,173
08059011904,08,059,011904,3126,1536,1590,2027,77,120,733,169
08059011951,08,059,011951,4472,2132,2340,2661,81,423,1122,185
08059012022,08,059,012022,5540,2717,2823,4547,42,133,523,295
08059012023,08,059,012023,3453,1663,1790,2664,18,165,364,242
08059012024,08,059,012024,5750,2815,2935,4752,28,140,528,302
08059012026,08,059,012026,3495,1768,1727,3132,4,32,156,171
08059012027,08,059,012027,3114,1587,1527,2783,6,28,152,145
08059012030,08,059,012030,3842,1899,1943,3407,11,28,167,229
08059012031,08,059,012031,3779,1906,1873,3339,19,14,185,222
08059012032,08,059,012032,2647,1331,1316,2372,2,30,122,121
08059012033,08,059,012033,2821,1451,1370,2510,23,20,138,130
08059012034,08,059,012034,3999,1974,2025,3561,10,69,161,198
08059012035,08,059,012035,5161,2621,2540,4514,17,83,241,306
08059012036,08,059,012036,3729,1849,1880,3223,7,80,221,198
08059012037,08,059,012037,3466,1806,1660,3071,2,25,195,173
08059012038,08,059,012038,3605,1830,1775,2752,27,70,552,204
08059012039,08,059,012039,5272,2659,2613,4062,51,106,725,328
08059012041,08,059,012041,5682,2788,2894,4121,42,444,791,284
08059012042,08,059,012042,3935,1961,1974,3002,31,155,476,271
08059012043,08,059,012043,5878,2863,3015,4635,43,170,727,303
08059012044,08,059,012044,4057,2034,2023,3077,35,165,520,260
08059012045,08,059,012045,6017,3002,3015,4693,58,272,706,288
08059012046,08,059,012046,2327,1187,1140,1738,22,59,377,131
08059012047,08,059,012047,4180,2057,2123,3063,56,101,713,247
08031004406,08,031,004406,3965,1844,2121,2729,383,158,452,243
08031004403,08,031,004403,4274,2152,2122,1968,594,73,1356,283
08031004404,08,031,004404,5887,2976,2911,1792,1582,803,1394,316
08031004407,08,031,004407,4941,2346,2595,3053,628,198,734,328
08031004503,08,031,004503,4303,2114,2189,519,131,102,3419,132
08031004504,08,031,004504,3881,1917,1964,596,47,76,3022,140
08031004505,08,031,004505,4549,2302,2247,516,152,133,3593,155
08031004506,08,031,004506,3610,1820,1790,490,249,258,2477,136
08031004601,08,031,004601,5666,2864,2802,1573,78,167,3632,216
08031004602,08,031,004602,6688,3405,3283,1358,166,361,4601,202
08031004603,08,031,004603,5324,2734,2590,1889,46,230,2951,208
08031004700,08,031,004700,6172,3093,3079,2134,92,276,3420,250
08031004801,08,031,004801,3077,1520,1557,1321,33,134,1438,151
08031005001,08,031,005001,2869,1411,1458,1820,332,84,451,182
08031005003,08,031,005003,2744,1404,1340,1640,448,79,387,190
08031005004,08,031,005004,4687,2281,2406,2443,951,223,791,279
08031005102,08,031,005102,3506,1696,1810,2570,95,85,526,230
08031005104,08,031,005104,3470,1847,1623,2039,366,190,666,209
08031005200,08,031,005200,3338,1654,1684,2452,141,99,421,225
08031005300,08,031,005300,1859,848,1011,1378,89,90,208,94
08031005502,08,031,005502,1868,946,922,899,79,161,657,72
08031005503,08,031,005503,5071,2441,2630,2973,119,230,1516,233
08031006701,08,031,006701,4282,2158,2124,3092,157,293,485,255
08031006804,08,031,006804,3776,1888,1888,2847,180,214,359,176
08031006810,08,031,006810,5928,2907,3021,3396,933,303,893,403
08031006812,08,031,006812,3932,1852,2080,2992,144,166,404,226
08031006813,08,031,006813,4550,2233,2317,2161,1067,185,815,322
08031006814,08,031,006814,5409,2739,2670,2608,641,172,1713,275
08031006815,08,031,006815,2017,1023,994,1581,83,70,133,150
08031006816,08,031,006816,5511,2701,2810,3700,526,178,756,351
08031006817,08,031,006817,2048,1001,1047,1497,134,84,227,106
08031006818,08,031,006818,4221,2099,2122,2608,409,219,746,239
08031006902,08,031,006902,3638,1837,1801,1939,502,121,833,243
08031006903,08,031,006903,2475,1244,1231,1494,275,86,472,148
08031007006,08,031,007006,4431,2457,1974,1216,856,584,1419,356
08031007013,08,031,007013,3730,1650,2080,2498,336,180,490,226
08031007037,08,031,007037,4128,2153,1975,1180,1180,182,1402,184
08031007088,08,031,007088,4921,2349,2572,2469,803,206,1094,349
08123002021,08,123,002021,796,399,397,631,2,10,110,43
08123002018,08,123,002018,1954,985,969,1558,19,26,264,87
08123002019,08,123,002019,7063,3545,3518,4979,43,158,1460,423
08123002020,08,123,002020,6136,3101,3035,4425,54,158,1200,299
08123002101,08,123,002101,12329,6279,6050,8082,85,123,3438,601
08123002104,08,123,002104,1689,851,838,1472,2,18,124,73
08123002105,08,123,002105,5543,2712,2831,3987,37,130,1091,298
08123002106,08,123,002106,4844,2442,2402,3966,16,49,597,216
08123002107,08,123,002107,6570,3280,3290,5286,28,84,876,296
08123002108,08,123,002108,6698,3401,3297,4945,28,73,1342,310
08123002203,08,123,002203,3340,1683,1657,2817,16,26,316,165
08123002204,08,123,002204,2069,1011,1058,1772,15,21,178,83
08123002205,08,123,002205,4812,2382,2430,3701,35,31,809,236
08123002206,08,123,002206,3680,1782,1898,3076,17,49,384,154
08123002207,08,123,002207,4084,1962,2122,3377,19,71,457,160
08123002208,08,123,002208,10618,5364,5254,8535,67,128,1359,529
08123002209,08,123,002209,3676,1744,1932,3137,21,44,314,160
08123002210,08,123,002210,2593,1308,1285,2192,6,34,254,107
08123002300,08,123,002300,5867,3014,2853,4374,3,23,1150,317
08123002501,08,123,002501,5889,3089,2800,4797,5,13,694,380
08123002502,08,123,002502,6391,3298,3093,4813,45,27,1252,254
08125963100,08,125,963100,4698,2406,2292,3570,17,17,983,111
08125963200,08,125,963200,5290,2625,2665,3378,4,9,1788,111
08041007104,08,041,007104,4316,2150,2166,3294,76,322,363,261
08041007103,08,041,007103,5207,2623,2584,3885,162,241,504,415
08041007105,08,041,007105,8338,4139,4199,5736,364,521,1034,683
08041007106,08,041,007106,6720,3205,3515,4741,240,464,747,528
08041007203,08,041,007203,4188,2033,2155,3323,109,142,357,257
08041007204,08,041,007204,5504,2750,2754,4372,85,253,426,368
08041007205,08,041,007205,5899,2993,2906,4025,228,599,632,415
08041007206,08,041,007206,7441,3630,3811,5658,175,483,618,507
08041007301,08,041,007301,7203,3581,3622,5899,101,173,535,495
08041007302,08,041,007302,6043,3026,3017,4924,88,161,521,349
08041007401,08,041,007401,6828,3407,3421,5814,75,113,393,433
08041007402,08,041,007402,2749,1407,1342,2301,37,54,140,217
08041007501,08,041,007501,1227,621,606,1060,16,22,74,55
08041007502,08,041,007502,9264,4636,4628,7525,161,299,747,532
08041007602,08,041,007602,3868,1955,1913,3229,29,41,294,275
08041007603,08,041,007603,10167,5055,5112,7071,383,272,1536,905
08041007604,08,041,007604,3684,1853,1831,2708,115,111,486,264
08041007700,08,041,007700,6437,3065,3372,4735,279,172,843,408
08041007801,08,041,007801,1720,863,857,1308,51,48,212,101
08041007802,08,041,007802,2110,1057,1053,1590,53,103,221,143
08041007900,08,041,007900,2610,1185,1425,2217,41,70,186,96
08041008000,08,041,008000,4331,2240,2091,3009,204,97,702,319
08043978100,08,043,978100,4436,2252,2184,3740,17,33,399,247
08043978200,08,043,978200,3922,1916,2006,2925,21,15,541,420
08043978300,08,043,978300,5994,2902,3092,4930,19,41,643,361
08043978400,08,043,978400,2221,1121,1100,1865,16,13,212,115
08043978500,08,043,978500,6443,2999,3444,5343,25,30,683,362
08043978600,08,043,978600,3594,1912,1682,2794,89,26,435,250
08043978800,08,043,978800,2557,1273,1284,2160,13,5,238,141
08043979001,08,043,979001,2675,1395,1280,2360,8,6,139,162
08043979002,08,043,979002,1687,892,795,1499,4,4,78,102
08043979100,08,043,979100,3661,1834,1827,3112,14,11,280,244
08043979200,08,043,979200,1880,950,930,1635,11,21,122,91
08043979400,08,043,979400,2772,1435,1337,2313,16,23,237,183
08001009003,08,001,009003,4405,2252,2153,1386,79,142,2640,158
08001008901,08,001,008901,2478,1279,1199,638,16,12,1721,91
08001009001,08,001,009001,4770,2403,2367,1587,158,122,2644,259
08001009004,08,001,009004,5040,2565,2475,1636,113,84,3007,200
08001009101,08,001,009101,4220,2163,2057,1451,66,83,2467,153
08001009103,08,001,009103,4383,2204,2179,996,33,33,3182,139
08001009104,08,001,009104,6470,3264,3206,2290,157,280,3485,258
08001009202,08,001,009202,4386,2214,2172,1557,84,51,2479,215
08001009203,08,001,009203,4594,2454,2140,1264,156,237,2706,231
08001009204,08,001,009204,6918,3430,3488,2852,200,678,2829,359
08001009206,08,001,009206,2630,1291,1339,1190,73,288,982,97
08001009207,08,001,009207,4560,2313,2247,1615,67,153,2535,190
08001009304,08,001,009304,5809,2887,2922,2730,160,188,2415,316
08001009306,08,001,009306,3863,1955,1908,1311,39,120,2263,130
08001009307,08,001,009307,3828,1963,1865,1208,47,78,2335,160
08001009308,08,001,009308,4372,2275,2097,1243,45,49,2893,142
08001009309,08,001,009309,3782,1794,1988,1504,75,350,1672,181
08001009310,08,001,009310,6201,3163,3038,1793,104,232,3857,215
08001009316,08,001,009316,8150,4039,4111,2157,43,73,5706,171
08001009318,08,001,009318,6414,3149,3265,1673,195,245,4080,221
08001009319,08,001,009319,3026,1580,1446,787,20,42,2076,101
08001009320,08,001,009320,3202,1605,1597,1016,90,137,1801,158
08001009321,08,001,009321,4383,2224,2159,1507,36,207,2467,166
08001009322,08,001,009322,5241,2658,2583,1675,95,306,2957,208
08001009323,08,001,009323,3704,1841,1863,1738,110,241,1423,192
08001009325,08,001,009325,5721,2779,2942,3971,147,312,986,305
08001009326,08,001,009326,2619,1302,1317,1866,24,203,393,133
08001009327,08,001,009327,4248,2128,2120,2434,66,191,1349,208
08001009401,08,001,009401,5060,2541,2519,2448,33,224,2105,250
08001009406,08,001,009406,4493,2265,2228,2510,66,215,1461,241
08001009407,08,001,009407,5352,2732,2620,2541,96,286,2183,246
08001009408,08,001,009408,4802,2341,2461,3509,63,409,514,307
08001009409,08,001,009409,5807,2806,3001,4362,51,380,721,293
08001009410,08,001,009410,3381,1667,1714,2596,37,146,445,157
08001009411,08,001,009411,3014,1496,1518,2064,62,69,648,171
08001009501,08,001,009501,3215,1714,1501,1072,37,160,1841,105
08001009502,08,001,009502,5764,2993,2771,2214,47,251,3036,216
08001009553,08,001,009553,3528,1812,1716,1323,70,109,1851,175
08001009603,08,001,009603,6246,3138,3108,3206,120,238,2333,349
08001009604,08,001,009604,4724,2293,2431,2258,121,193,1911,241
08001009606,08,001,009606,3442,1753,1689,959,117,73,2170,123
08001009607,08,001,009607,4884,2554,2330,2105,88,513,1965,213
08001009608,08,001,009608,2892,1454,1438,1601,31,219,905,136
08001009751,08,001,009751,4048,2133,1915,1477,53,55,2260,203
08013012511,08,013,012511,6805,3412,3393,4946,202,620,757,280
08013012907,08,013,012907,3594,1749,1845,2746,27,151,482,188
08013013003,08,013,013003,7724,3781,3943,6418,48,301,501,456
08013013004,08,013,013004,3463,1737,1726,2639,26,136,457,205
08013013005,08,013,013005,3538,1786,1752,2870,24,87,330,227
08013013006,08,013,013006,5515,2646,2869,4618,36,236,353,272
08013013201,08,013,013201,2428,1172,1256,1717,32,35,504,140
08013013202,08,013,013202,1379,681,698,1221,14,14,60,70
08013013205,08,013,013205,5331,2653,2678,4547,36,200,272,276
08013013207,08,013,013207,4565,2283,2282,3678,26,84,485,292
08013013208,08,013,013208,5832,2795,3037,4598,38,88,815,293
08013013210,08,013,013210,5605,2880,2725,3117,81,174,1972,261
08013013211,08,013,013211,7042,3509,3533,4661,33,289,1751,308
08013013212,08,013,013212,4615,2269,2346,3582,42,330,426,235
08013013214,08,013,013214,5508,2754,2754,4042,50,671,435,310
08013013215,08,013,013215,5788,2892,2896,3785,85,444,1100,374
08013013302,08,013,013302,5166,2474,2692,4094,23,54,704,291
08013013305,08,013,013305,5045,2525,2520,3474,45,97,1114,315
08013013306,08,013,013306,4580,2232,2348,2694,18,75,1602,191
08013013307,08,013,013307,3803,1863,1940,2486,50,64,1008,195
08013013308,08,013,013308,3535,1751,1784,2494,28,62,720,231
08013013401,08,013,013401,3791,1981,1810,2112,44,57,1381,197
08013013506,08,013,013506,4885,2348,2537,3502,37,170,929,247
08013013402,08,013,013402,8046,4023,4023,4726,79,225,2683,333
08013013503,08,013,013503,5432,2753,2679,2459,62,68,2615,228
08013013505,08,013,013505,3950,1994,1956,1855,37,57,1824,177
08013013507,08,013,013507,3684,1857,1827,2257,33,77,1072,245
08013013508,08,013,013508,7976,3908,4068,5843,53,393,1293,394
08013013601,08,013,013601,3925,1925,2000,3467,9,43,223,183
08013013602,08,013,013602,968,494,474,875,0,8,29,56
08013013703,08,013,013703,1213,645,568,1068,4,6,32,103
08013012508,08,013,012508,2952,1560,1392,2341,31,116,283,181
08013012509,08,013,012509,3322,1636,1686,2686,22,220,166,228
08013012510,08,013,012510,4318,2111,2207,3673,18,212,186,229
08013012603,08,013,012603,3399,1768,1631,2779,26,172,186,236
08013012605,08,013,012605,1681,993,688,1128,20,348,100,85
08013012608,08,013,012608,2247,1206,1041,1682,15,126,289,135
08013012609,08,013,012609,1404,816,588,1029,15,135,131,94
08013012610,08,013,012610,5042,2794,2248,3476,65,701,480,320
08013012701,08,013,012701,6449,3189,3260,5383,47,270,381,368
08013012705,08,013,012705,4508,2290,2218,3592,46,266,324,280
08013012707,08,013,012707,2070,1156,914,1402,24,39,540,65
08013012708,08,013,012708,5101,2534,2567,4349,45,128,271,308
08013012709,08,013,012709,1823,940,883,1549,21,33,115,105
08013012710,08,013,012710,3752,1899,1853,3080,27,147,286,212
08013012801,08,013,012801,8718,4341,4377,6681,94,679,750,514
08013012802,08,013,012802,6432,3205,3227,5276,43,216,577,320
08013012903,08,013,012903,2304,1134,1170,1895,14,104,153,138
08013012904,08,013,012904,5864,2781,3083,4843,57,234,439,291
08013012905,08,013,012905,2632,1263,1369,1887,47,36,505,157
08013013704,08,013,013704,5222,2696,2526,4495,40,134,246,307
08013013705,08,013,013705,1923,1028,895,1715,2,21,76,109
08013013706,08,013,013706,3863,2027,1836,3419,7,36,179,222
08013060601,08,013,060601,4571,2335,2236,3129,64,640,426,312
08013060602,08,013,060602,1320,688,632,1007,11,123,110,69
08013060700,08,013,060700,3055,1540,1515,2463,20,202,193,177
08013060801,08,013,060801,3905,1907,1998,2337,61,217,1057,233
08013060802,08,013,060802,5100,2560,2540,2417,54,99,2309,221
08013060900,08,013,060900,5441,2690,2751,4092,60,389,597,303
08013061300,08,013,061300,3341,1689,1652,2480,21,403,242,195
08013061400,08,013,061400,4131,2066,2065,2879,31,619,299,303
08014030000,08,014,030000,3402,1749,1653,2371,50,188,551,242
08014030100,08,014,030100,2261,1161,1100,1667,12,62,366,154
08014030200,08,014,030200,2134,1153,981,1457,31,116,405,125
08014030300,08,014,030300,3759,1836,1923,2752,65,174,579,189
08014030400,08,014,030400,3807,1933,1874,3109,19,145,353,181
08014030500,08,014,030500,5794,2809,2985,4262,52,626,526,328
08014030600,08,014,030600,6745,3420,3325,4008,56,203,2096,382
08014030700,08,014,030700,3120,1499,1621,2252,37,169,458,204
08014030800,08,014,030800,5777,2869,2908,3978,52,410,983,354
08014030900,08,014,030900,5964,2927,3037,4789,53,334,444,344
08014031000,08,014,031000,5886,2856,3030,4188,80,687,604,327
08014031101,08,014,031101,3219,1762,1457,2249,116,208,414,232
08014031102,08,014,031102,2008,986,1022,1420,44,237,201,106
08014031103,08,014,031103,1983,997,986,1643,15,71,175,79
08014031104,08,014,031104,1505,763,742,1037,40,120,202,106
08014031201,08,014,031201,2576,1341,1235,1873,65,172,314,152
08014031202,08,014,031202,2762,1366,1396,2000,48,127,393,194
08014031300,08,014,031300,2578,1277,1301,2116,15,149,159,139
08117000302,08,117,000302,2207,1236,971,1908,13,21,157,108
08117000203,08,117,000203,4028,2154,1874,2994,19,20,828,167
08117000301,08,117,000301,1977,1065,912,1713,0,37,158,69
08117000403,08,117,000403,1850,1038,812,1593,5,16,121,115
08117000404,08,117,000404,1861,966,895,1675,8,30,89,59
08117000405,08,117,000405,3809,2062,1747,3255,18,54,274,208
08117000406,08,117,000406,2954,1654,1300,2260,24,44,517,109
08119010104,08,119,010104,2315,1137,1178,1960,25,24,159,147
08119010107,08,119,010107,3603,1784,1819,3089,17,40,273,184
08119010108,08,119,010108,4354,2111,2243,3719,26,36,321,252
08119010109,08,119,010109,2655,1362,1293,2326,5,9,147,168
08119010110,08,119,010110,2329,1195,1134,1975,14,13,170,157
08119010111,08,119,010111,2957,1541,1416,2525,20,32,192,188
08119010112,08,119,010112,3200,1677,1523,2674,6,30,247,243
08031980001,08,031,980001,0,0,0,0,0,0,0,0
08031980100,08,031,980100,9,5,4,1,0,0,4,4
08031980200,08,031,980200,252,136,116,184,4,15,41,8
08033000100,08,033,000100,2326,1197,1129,1950,18,6,176,176
08035013904,08,035,013904,4198,2022,2176,3103,118,160,557,260
08035013905,08,035,013905,5468,2698,2770,4164,151,138,673,342
08035013907,08,035,013907,6177,3002,3175,4787,93,232,656,409
08035013909,08,035,013909,6407,3231,3176,5447,60,101,462,337
08035013910,08,035,013910,8222,4060,4162,6571,97,255,740,559
08035013911,08,035,013911,6693,3317,3376,5485,67,161,586,394
08035013912,08,035,013912,7399,3646,3753,5993,151,193,694,368
08035013913,08,035,013913,2660,1281,1379,2193,35,115,196,121
08035013914,08,035,013914,3757,1903,1854,3293,24,59,207,174
08035013915,08,035,013915,3177,1586,1591,2736,18,64,226,133
08035014005,08,035,014005,4761,2247,2514,3642,61,312,497,249
08035014203,08,035,014203,6556,3267,3289,5455,32,128,559,382
08035014145,08,035,014145,3684,1859,1825,2633,75,246,464,266
08035014146,08,035,014146,4896,2386,2510,3467,55,394,662,318
08035014205,08,035,014205,2913,1484,1429,2390,17,109,251,146
08035014206,08,035,014206,788,414,374,662,0,10,62,54
08035014207,08,035,014207,1794,897,897,1390,10,36,218,140
08035014208,08,035,014208,1509,785,724,1186,7,44,178,94
08031008305,08,031,008305,4253,2219,2034,316,609,41,3123,164
08031007090,08,031,007090,1542,729,813,585,638,50,186,83
08031007091,08,031,007091,3497,1250,2247,2782,349,56,214,96
08031008304,08,031,008304,3846,1883,1963,302,775,44,2580,145
08031008306,08,031,008306,6005,3054,2951,458,1491,107,3574,375
08031008312,08,031,008312,8133,3952,4181,639,1994,207,4889,404
08031008386,08,031,008386,4664,2393,2271,318,822,91,3304,129
08031008387,08,031,008387,6220,3088,3132,430,1230,164,4216,180
08031008388,08,031,008388,14773,7504,7269,3207,2763,1052,6766,985
08031008389,08,031,008389,13336,6552,6784,2740,3476,1382,5032,706
08031008390,08,031,008390,9000,4441,4559,1404,2535,784,3684,593
08031008391,08,031,008391,7855,3961,3894,1224,2065,720,3416,430
08031011902,08,031,011902,6682,3348,3334,3151,132,237,2779,383
08031011903,08,031,011903,2304,1127,1177,1305,31,114,745,109
08031012001,08,031,012001,2047,999,1048,1428,24,70,447,78
08031012010,08,031,012010,5121,2370,2751,3699,94,357,755,216
08031012015,08,031,012015,4014,1952,2062,2644,83,171,874,242
08031012016,08,031,012016,2659,1287,1372,1822,28,107,543,159
08031015300,08,031,015300,3697,1871,1826,2469,232,158,556,282
08031015400,08,031,015400,4487,2142,2345,2914,86,118,1156,213
08031015500,08,031,015500,3399,1839,1560,1998,282,69,813,237
08031015600,08,031,015600,6618,3464,3154,1131,332,512,4414,229
08031015700,08,031,015700,5907,3028,2879,2249,167,417,2840,234
08031015800,08,031,015800,2893,1342,1551,634,1046,130,847,236
08035014300,08,035,014300,781,419,362,692,0,9,32,48
08035014404,08,035,014404,2669,1347,1322,2315,11,34,154,155
08035014405,08,035,014405,7923,4035,3888,6363,65,126,887,482
08035014407,08,035,014407,3595,1726,1869,2834,42,56,499,164
08035014408,08,035,014408,2553,1262,1291,2226,13,38,161,115
08035014409,08,035,014409,3918,1970,1948,3229,36,112,301,240
08035014410,08,035,014410,12675,6215,6460,9985,221,368,1346,755
08035014503,08,035,014503,6166,3075,3091,4814,73,146,718,415
08035014504,08,035,014504,5656,2829,2827,4305,65,46,876,364
08035014505,08,035,014505,5630,2743,2887,4497,68,132,601,332
08035014506,08,035,014506,6865,3435,3430,5631,91,101,664,378
08035014602,08,035,014602,2616,1308,1308,2307,8,14,149,138
08035014603,08,035,014603,7165,3611,3554,5567,68,138,903,489
08035014604,08,035,014604,4452,2251,2201,3619,47,65,419,302
08037000100,08,037,000100,1664,894,770,722,5,7,894,36
08037000200,08,037,000200,8385,4386,3999,4021,20,73,4007,264
08037000301,08,037,000301,6420,3257,3163,3754,19,92,2352,203
08037000302,08,037,000302,2150,1099,1051,1650,5,12,396,87
08037000401,08,037,000401,5956,3046,2910,3813,41,75,1871,156
08037000402,08,037,000402,5052,2633,2419,2952,20,66,1896,118
08037000404,08,037,000404,2411,1284,1127,1610,13,6,727,55
08037000405,08,037,000405,6876,3486,3390,5651,21,45,957,202
08037000501,08,037,000501,1222,678,544,905,6,36,241,34
08037000502,08,037,000502,3587,1924,1663,2724,58,65,609,131
08037000504,08,037,000504,2944,1584,1360,1233,38,79,1540,54
08037000505,08,037,000505,2603,1399,1204,1885,13,62,555,88
08037000600,08,037,000600,1347,720,627,1003,3,4,293,44
08037000701,08,037,000701,1201,676,525,1055,3,21,78,44
08037000702,08,037,000702,1389,726,663,1187,1,18,133,50
08037000703,08,037,000703,2524,1377,1147,2037,30,51,309,97
08039961100,08,039,961100,2019,1037,982,1745,5,0,173,96
08119010203,08,119,010203,3297,1713,1584,2749,19,17,207,305
08121924100,08,121,924100,2082,1101,981,1799,4,8,175,96
08121924200,08,121,924200,2735,1427,1308,2258,20,7,341,109
08123000100,08,123,000100,2653,1381,1272,1166,124,175,1076,112
08123000200,08,123,000200,3193,1438,1755,1919,130,107,819,218
08123000300,08,123,000300,1547,498,1049,1046,91,42,278,90
08123000401,08,123,000401,3562,1756,1806,2406,76,51,870,159
08123000402,08,123,000402,3605,1861,1744,1760,243,115,1332,155
08123000501,08,123,000501,3330,1628,1702,452,45,39,2732,62
08123000502,08,123,000502,3577,1900,1677,949,75,49,2374,130
08123000600,08,123,000600,1784,1268,516,650,53,5,1044,32
08123000701,08,123,000701,1663,856,807,371,21,13,1205,53
08123000703,08,123,000703,7245,3576,3669,1633,295,41,5095,181
08123000704,08,123,000704,1069,566,503,355,14,16,659,25
08123000705,08,123,000705,1481,762,719,906,2,14,514,45
08123000800,08,123,000800,3267,1559,1708,1517,171,161,1297,121
08123000900,08,123,000900,3057,1572,1485,1650,57,71,1118,161
08123001003,08,123,001003,4778,2492,2286,1115,503,143,2887,130
08123001004,08,123,001004,4646,2395,2251,1616,183,243,2384,220
08123001005,08,123,001005,7975,4040,3935,3432,63,82,4086,312
08123001006,08,123,001006,4934,2451,2483,2223,47,93,2375,196
08123001100,08,123,001100,5033,2442,2591,2862,136,93,1716,226
08123001201,08,123,001201,4584,2290,2294,2187,106,117,1993,181
08123001405,08,123,001405,5229,2616,2613,3050,73,77,1809,220
08123001202,08,123,001202,3052,1457,1595,1846,53,30,964,159
08123001300,08,123,001300,7376,3664,3712,2396,104,119,4485,272
08123001404,08,123,001404,2965,1506,1459,1693,5,15,1136,116
08123001406,08,123,001406,7472,3610,3862,4604,66,96,2403,303
08123001407,08,123,001407,4320,2160,2160,2862,38,83,1159,178
08123001408,08,123,001408,1991,958,1033,1528,12,16,390,45
08123001409,08,123,001409,3757,1772,1985,2197,64,47,1238,211
08123001410,08,123,001410,3352,1571,1781,2596,29,46,532,149
08123001411,08,123,001411,2690,1362,1328,1967,33,24,560,106
08123001412,08,123,001412,3430,1583,1847,2448,37,69,714,162
08123001413,08,123,001413,2859,1433,1426,1688,33,45,969,124
08123001414,08,123,001414,2272,1123,1149,1463,5,35,674,95
08123001415,08,123,001415,3589,1790,1799,2433,22,79,863,192
08123001416,08,123,001416,3282,1586,1696,2468,36,47,579,152
08123001417,08,123,001417,3163,1574,1589,1630,14,29,1360,130
08123001500,08,123,001500,8197,4116,4081,6285,28,63,1441,380
08123001600,08,123,001600,4486,2315,2171,3131,2,7,1174,172
08123001700,08,123,001700,5049,2595,2454,2922,24,18,1853,232
08123001800,08,123,001800,4955,2545,2410,2938,8,38,1710,261
08123001905,08,123,001905,4712,2344,2368,1715,14,13,2827,143
08123001906,08,123,001906,1578,820,758,749,18,4,763,44
08123001909,08,123,001909,495,241,254,206,6,4,261,18
08123001910,08,123,001910,2059,1060,999,962,14,9,994,80
08123001911,08,123,001911,1055,546,509,543,0,7,468,37
08123001912,08,123,001912,1976,964,1012,1050,22,17,774,113
08123001913,08,123,001913,8927,4505,4422,4325,113,129,3957,403
08123001914,08,123,001914,1812,927,885,1046,6,7,685,68
08123002015,08,123,002015,1375,707,668,1055,4,16,212,88
08123002016,08,123,002016,3864,1954,1910,2535,19,24,1107,179
08123002017,08,123,002017,753,388,365,638,0,9,75,31
08123002004,08,123,002004,4953,2499,2454,2661,49,104,1916,223
08123002005,08,123,002005,1478,761,717,1025,9,83,298,63
08123002006,08,123,002006,406,214,192,322,1,1,66,16
08123002007,08,123,002007,6712,3357,3355,5220,39,288,798,367
08123002008,08,123,002008,6148,2995,3153,4856,48,261,618,365
08123002009,08,123,002009,5954,2962,2992,4686,34,270,635,329
08123002010,08,123,002010,2170,1131,1039,1128,20,45,868,109
08123002011,08,123,002011,2277,1159,1118,1654,10,229,291,93
08123002012,08,123,002012,1306,653,653,1014,6,65,159,62
08123002013,08,123,002013,3437,1747,1690,2529,23,103,617,165
08123002014,08,123,002014,2424,1210,1214,1680,15,45,537,147
08001008533,08,001,008533,7706,3734,3972,3870,181,468,2779,408
08001008524,08,001,008524,9374,4673,4701,5779,144,758,2132,561
08001008526,08,001,008526,7509,3702,3807,4993,105,434,1497,480
08001008534,08,001,008534,4344,2199,2145,2332,63,138,1527,284
08001008535,08,001,008535,4389,2187,2202,1915,111,177,1935,251
08001008536,08,001,008536,4353,2155,2198,2394,120,233,1412,194
08001008538,08,001,008538,11712,5904,5808,6562,690,456,3284,720
08001008540,08,001,008540,10376,5225,5151,6188,170,1043,2458,517
08001008544,08,001,008544,6242,3012,3230,3998,90,623,1136,395
08001008545,08,001,008545,6731,3245,3486,4672,103,305,1225,426
08001008546,08,001,008546,3517,1762,1755,2065,65,209,1022,156
08001008547,08,001,008547,3468,1740,1728,1961,61,152,1112,182
08001008548,08,001,008548,1713,825,888,944,40,183,439,107
08001008549,08,001,008549,4581,2351,2230,2545,61,305,1422,248
08001008550,08,001,008550,8319,4216,4103,4818,94,523,2495,389
08001008551,08,001,008551,1788,872,916,1091,10,155,441,91
08001008552,08,001,008552,5185,2519,2666,2697,71,141,2024,252
08001008553,08,001,008553,5596,2847,2749,3637,94,132,1453,280
08001008554,08,001,008554,2507,1173,1334,1656,31,94,592,134
08001008555,08,001,008555,5848,2838,3010,3334,163,235,1725,391
08001008556,08,001,008556,6076,3113,2963,3022,114,265,2415,260
08001008557,08,001,008557,852,431,421,462,4,30,315,41
08001008558,08,001,008558,4220,2114,2106,1990,154,167,1668,241
08001008559,08,001,008559,8672,4357,4315,3692,489,376,3644,471
08001008560,08,001,008560,2203,1084,1119,1713,15,63,300,112
08001008561,08,001,008561,4824,2391,2433,3838,31,133,600,222
08001008562,08,001,008562,5787,2921,2866,3513,88,189,1671,326
08001008563,08,001,008563,4429,2203,2226,2685,38,82,1367,257
08001008564,08,001,008564,1192,641,551,715,15,24,397,41
08001008565,08,001,008565,7013,3422,3591,3685,69,108,2884,267
08001008603,08,001,008603,2118,1080,1038,597,26,25,1356,114
08001008604,08,001,008604,4551,2524,2027,1789,146,41,2416,159
08001008605,08,001,008605,4103,2097,2006,2076,30,68,1714,215
08001008606,08,001,008606,6101,2944,3157,2408,64,58,3273,298
08001008705,08,001,008705,5399,2768,2631,1270,126,16,3840,147
08001008706,08,001,008706,5572,2821,2751,1173,131,28,4072,168
08001008709,08,001,008709,8139,4158,3981,1664,366,42,5831,236
08001008801,08,001,008801,5138,2658,2480,1193,61,27,3700,157
08001008802,08,001,008802,4375,2277,2098,1080,59,23,3086,127
08041005113,08,041,005113,3362,1667,1695,2163,199,131,596,273
08041005110,08,041,005110,4224,2076,2148,2475,262,103,966,418
08041005112,08,041,005112,3932,1911,2021,2250,326,141,834,381
08041005114,08,041,005114,1804,880,924,863,74,64,659,144
08041005115,08,041,005115,6577,3349,3228,3654,499,277,1500,647
08041005116,08,041,005116,4437,2125,2312,2863,287,199,656,432
08041005117,08,041,005117,4026,1927,2099,2709,183,199,603,332
08041005118,08,041,005118,4913,2465,2448,3092,317,171,914,419
08041005119,08,041,005119,4867,2401,2466,2968,326,201,911,461
08041005120,08,041,005120,5636,2734,2902,3629,267,263,935,542
08041005121,08,041,005121,6150,3001,3149,3992,281,281,1079,517
08041005122,08,041,005122,11238,5590,5648,7425,579,459,1845,930
08041005123,08,041,005123,3014,1515,1499,2345,24,45,401,199
08041005124,08,041,005124,3855,1964,1891,2365,218,223,730,319
08041005125,08,041,005125,5394,2623,2771,3530,333,355,751,425
08041005201,08,041,005201,4079,2074,2005,1577,538,84,1536,344
08041005202,08,041,005202,2731,1321,1410,1259,464,104,689,215
08041005300,08,041,005300,4566,2315,2251,2049,577,134,1458,348
08041005400,08,041,005400,5918,2901,3017,2053,832,165,2357,511
08041005501,08,041,005501,6953,3440,3513,4874,346,191,1015,527
08041005502,08,041,005502,4567,2270,2297,2702,313,97,986,469
08041005601,08,041,005601,3503,1707,1796,2396,165,74,598,270
08041005602,08,041,005602,2964,1467,1497,2106,136,64,452,206
08041005700,08,041,005700,5861,2895,2966,4027,295,141,989,409
08041005800,08,041,005800,3047,1485,1562,2277,101,44,412,213
08041005900,08,041,005900,6930,3451,3479,4489,388,153,1276,624
08041006000,08,041,006000,6804,3522,3282,3378,516,131,2366,413
08041006100,08,041,006100,4069,2149,1920,1675,336,61,1764,233
08041006200,08,041,006200,5354,2659,2695,2188,509,114,2131,412
08041006301,08,041,006301,4946,2458,2488,2153,547,175,1619,452
08041006302,08,041,006302,5363,2629,2734,2075,872,172,1796,448
08041006400,08,041,006400,7445,3611,3834,2730,1155,219,2644,697
08041006501,08,041,006501,4062,2014,2048,1172,283,98,2214,295
08041006502,08,041,006502,7873,3910,3963,2895,893,357,3083,645
08041006600,08,041,006600,2427,1172,1255,2009,26,27,211,154
08041006701,08,041,006701,2500,1231,1269,2097,27,28,189,159
08041006702,08,041,006702,3013,1490,1523,2569,24,37,194,189
08041006801,08,041,006801,4228,2047,2181,3016,131,127,613,341
08041006802,08,041,006802,3940,1865,2075,2885,120,139,450,346
08041006901,08,041,006901,5344,2629,2715,3926,138,212,679,389
08041006902,08,041,006902,5019,2473,2546,3666,197,167,624,365
08041007000,08,041,007000,4764,2404,2360,3616,102,316,432,298
08069000202,08,069,000202,2515,1246,1269,2019,10,29,322,135
08067971100,08,067,971100,4442,2323,2119,3180,44,41,680,497
08069000100,08,069,000100,3200,1704,1496,2623,29,50,289,209
08069000201,08,069,000201,2669,1337,1332,2251,13,49,222,134
08069000300,08,069,000300,2834,1419,1415,2363,17,21,255,178
08069000401,08,069,000401,1926,1015,911,1483,41,19,263,120
08069000402,08,069,000402,2658,1338,1320,2022,30,18,421,167
08069000503,08,069,000503,6019,2942,3077,4071,146,711,719,372
08069000504,08,069,000504,2933,1666,1267,2259,50,94,350,180
08069000505,08,069,000505,3094,1556,1538,2290,67,97,462,178
08069000506,08,069,000506,2911,1550,1361,2279,48,38,344,202
08069000600,08,069,000600,8151,3620,4531,5790,271,438,1192,460
08069000700,08,069,000700,2660,1338,1322,2244,19,57,202,138
08069000801,08,069,000801,1608,765,843,1328,21,27,152,80
08069000802,08,069,000802,1264,640,624,1019,12,11,150,72
08069000901,08,069,000901,5676,2803,2873,4557,67,119,608,325
08069000902,08,069,000902,3528,1802,1726,2799,37,76,382,234
08069001003,08,069,001003,5961,2933,3028,4501,72,204,801,383
08069001004,08,069,001004,3615,1720,1895,3037,39,75,256,208
08069001007,08,069,001007,3006,1490,1516,2374,20,70,339,203
08069001008,08,069,001008,1871,963,908,1508,9,60,186,108
08069001009,08,069,001009,6372,3102,3270,5218,61,205,569,319
08069001010,08,069,001010,2961,1361,1600,2501,6,86,263,105
08069001104,08,069,001104,5714,2934,2780,4525,69,83,702,335
08069001106,08,069,001106,5312,2672,2640,4160,74,93,690,295
08069001107,08,069,001107,5786,2887,2899,4482,72,127,737,368
08069001109,08,069,001109,5121,2492,2629,3947,76,120,669,309
08069001110,08,069,001110,5042,2568,2474,3856,99,116,675,296
08069001111,08,069,001111,2729,1210,1519,2083,31,212,256,147
08069001112,08,069,001112,4713,2347,2366,3283,35,51,1097,247
08069001113,08,069,001113,3545,1728,1817,2923,11,86,305,220
08069001114,08,069,001114,2432,1171,1261,2074,13,81,136,128
08069001301,08,069,001301,3732,1880,1852,3143,11,41,310,227
08069001304,08,069,001304,2838,1480,1358,931,11,27,1781,88
08069001305,08,069,001305,3130,1552,1578,2086,51,67,717,209
08069001306,08,069,001306,4596,2411,2185,2842,82,116,1277,279
08069001307,08,069,001307,4781,2313,2468,3640,48,77,739,277
08069001308,08,069,001308,6098,3054,3044,4970,30,126,577,395
08069001601,08,069,001601,1668,815,853,1163,9,22,367,107
08069001602,08,069,001602,5780,2845,2935,4612,63,276,565,264
08069001603,08,069,001603,5753,2829,2924,3815,47,110,1459,322
08069001605,08,069,001605,7775,4063,3712,5725,151,529,891,479
08069001606,08,069,001606,3537,1784,1753,2776,43,150,323,245
08069001607,08,069,001607,4144,1961,2183,3203,65,164,491,221
08041002801,08,041,002801,3072,1440,1632,1369,364,44,1035,260
08041002802,08,041,002802,4474,2262,2212,2177,592,234,1108,363
08041002901,08,041,002901,4532,2231,2301,2241,383,98,1376,434
08041002902,08,041,002902,1420,705,715,684,114,18,461,143
08041003001,08,041,003001,1878,990,888,1287,79,31,316,165
08041003002,08,041,003002,2655,1301,1354,1905,89,60,387,214
08041003100,08,041,003100,4706,2298,2408,4043,32,108,291,232
08041003303,08,041,003303,5522,2609,2913,3171,487,165,1281,418
08041003305,08,041,003305,7325,3571,3754,5709,146,330,697,443
08041003306,08,041,003306,3248,1611,1637,2440,50,120,395,243
08041003307,08,041,003307,3660,1795,1865,2375,187,171,638,289
08041003308,08,041,003308,6111,3063,3048,3106,659,302,1493,551
08041003401,08,041,003401,2310,1122,1188,1993,23,22,137,135
08041003402,08,041,003402,1446,739,707,1253,9,16,92,76
08041003702,08,041,003702,5251,2597,2654,4301,66,149,403,332
08041003705,08,041,003705,6494,3162,3332,5110,152,169,674,389
08041003706,08,041,003706,4714,2301,2413,3771,98,116,392,337
08041003707,08,041,003707,3458,1721,1737,2708,79,80,353,238
08041003708,08,041,003708,2984,1471,1513,2397,67,114,226,180
08041003710,08,041,003710,3205,1556,1649,2407,52,146,387,213
08041003711,08,041,003711,3154,1543,1611,2448,85,83,346,192
08041003712,08,041,003712,5422,2693,2729,4351,63,98,563,347
08041003713,08,041,003713,4505,2245,2260,3796,30,56,343,280
08041003801,08,041,003801,3750,2293,1457,2487,247,176,559,281
08041003802,08,041,003802,2865,2058,807,1879,249,218,379,140
08041003905,08,041,003905,4326,2175,2151,2969,177,142,677,361
08041003906,08,041,003906,6306,3120,3186,4619,161,327,785,414
08041003910,08,041,003910,2591,1325,1266,2174,15,11,206,185
08041003911,08,041,003911,4423,2225,2198,3644,33,33,322,391
08041003912,08,041,003912,8255,4192,4063,5762,304,182,1265,742
08041003913,08,041,003913,1566,783,783,1344,19,13,96,94
08041003914,08,041,003914,7703,3854,3849,5605,393,160,875,670
08041004008,08,041,004008,3020,1696,1324,1836,247,129,506,302
08041004009,08,041,004009,1460,708,752,518,239,48,512,143
08041004100,08,041,004100,5247,2593,2654,3101,361,80,1184,521
08041004200,08,041,004200,4066,1995,2071,2458,315,78,844,371
08031003501,08,031,003501,3238,1657,1581,438,357,10,2299,134
08031003401,08,031,003401,2998,1399,1599,2649,16,49,159,125
08031003402,08,031,003402,4860,2399,2461,4199,20,122,258,261
08031003502,08,031,003502,2727,1386,1341,337,68,2,2246,74
08031003601,08,031,003601,4236,2118,2118,1813,431,53,1718,221
08031003602,08,031,003602,4337,2213,2124,1427,874,58,1726,252
08031003603,08,031,003603,3583,1725,1858,1798,921,62,573,229
08031003701,08,031,003701,3746,1755,1991,2809,264,85,374,214
08031003702,08,031,003702,4759,2350,2409,3660,197,120,472,310
08031003703,08,031,003703,3276,1604,1672,2516,101,109,318,232
08031003801,08,031,003801,3666,1671,1995,3075,54,129,252,156
08031003802,08,031,003802,3970,1847,2123,3242,100,148,318,162
08031003901,08,031,003901,5266,2475,2791,4435,58,176,380,217
08031003902,08,031,003902,4606,2266,2340,3749,30,143,398,286
08031004002,08,031,004002,3448,1657,1791,3001,26,89,162,170
08031004003,08,031,004003,4408,2140,2268,3416,103,119,521,249
08031004004,08,031,004004,1968,937,1031,1563,60,61,177,107
08031004005,08,031,004005,3751,1802,1949,2797,101,218,423,212
08031004006,08,031,004006,5373,2672,2701,4286,94,371,379,243
08031004101,08,031,004101,4802,2333,2469,1421,1730,74,1274,303
08031004102,08,031,004102,4081,1977,2104,1188,1464,32,1130,267
08031004103,08,031,004103,5494,2605,2889,3502,977,104,562,349
08031004104,08,031,004104,4519,2172,2347,2205,1162,73,734,345
08031004108,08,031,004108,7604,3662,3942,5651,316,360,718,559
08031004109,08,031,004109,3284,1627,1657,2154,135,279,426,290
08031004110,08,031,004110,5541,2661,2880,3515,592,181,869,384
08031004111,08,031,004111,6848,3314,3534,4396,443,548,947,514
08031004112,08,031,004112,6127,2835,3292,4236,465,289,756,381
08031004113,08,031,004113,1756,909,847,1289,68,91,207,101
08031004201,08,031,004201,4906,2381,2525,3982,156,135,357,276
08031004202,08,031,004202,4467,2116,2351,3211,399,101,476,280
08059010303,08,059,010303,5634,2773,2861,4605,61,74,576,318
08059010211,08,059,010211,3214,1515,1699,2279,76,57,622,180
08059010212,08,059,010212,4512,2273,2239,3095,82,56,986,293
08059010213,08,059,010213,4751,2441,2310,3151,48,93,1231,228
08059010304,08,059,010304,2764,1338,1426,2189,24,40,349,162
08059010305,08,059,010305,3565,1808,1757,2608,40,50,636,231
08059010306,08,059,010306,2714,1363,1351,2091,29,43,362,189
08059010307,08,059,010307,4656,2238,2418,3392,66,53,882,263
08059010308,08,059,010308,6507,3280,3227,5201,49,132,793,332
08059010402,08,059,010402,6187,2881,3306,4012,84,126,1537,428
08059010403,08,059,010403,5434,2793,2641,3464,95,122,1394,359
08059010405,08,059,010405,2715,1310,1405,1867,61,50,571,166
08059010406,08,059,010406,3080,1620,1460,1505,31,43,1362,139
08059010502,08,059,010502,5436,2661,2775,3891,59,89,1089,308
08059010503,08,059,010503,4806,2351,2455,3659,44,121,725,257
08059010504,08,059,010504,3003,1479,1524,2556,9,60,248,130
08059010603,08,059,010603,3607,1689,1918,2477,65,78,794,193
08059010604,08,059,010604,2497,1231,1266,1586,32,65,673,141
08059010701,08,059,010701,4159,1961,2198,3037,50,71,794,207
08059010702,08,059,010702,5187,2583,2604,2735,121,85,1973,273
08059010801,08,059,010801,2512,1208,1304,2073,18,30,259,132
08059010901,08,059,010901,5207,2640,2567,3910,123,95,712,367
08059012051,08,059,012051,3616,1754,1862,3103,29,62,275,147
08059012048,08,059,012048,2479,1140,1339,1975,4,49,310,141
08059012049,08,059,012049,3840,1918,1922,3070,22,183,378,187
08059012050,08,059,012050,4127,2002,2125,3040,45,407,442,193
08059012052,08,059,012052,5558,2825,2733,4316,68,102,728,344
08059012053,08,059,012053,3877,1954,1923,3087,39,71,451,229
08059012054,08,059,012054,4139,1987,2152,3364,17,143,417,198
08059012055,08,059,012055,3877,1892,1985,3130,24,101,440,182
08059012057,08,059,012057,5783,2821,2962,4616,37,173,655,302
08059012058,08,059,012058,3955,2038,1917,3480,11,41,186,237
08059012059,08,059,012059,3428,1739,1689,2730,21,62,417,198
08059012060,08,059,012060,3350,1645,1705,2559,39,43,433,276
08059015800,08,059,015800,4384,2149,2235,3192,65,200,675,252
08059015900,08,059,015900,3477,1721,1756,2120,116,181,881,179
08059060300,08,059,060300,4512,2264,2248,3162,26,479,593,252
08059060400,08,059,060400,5420,2759,2661,3816,69,313,891,331
08059060501,08,059,060501,10399,5157,5242,8234,71,470,1070,554
08059980000,08,059,980000,0,0,0,0,0,0,0,0
08059980400,08,059,980400,1109,1086,23,717,100,14,172,106
08059980700,08,059,980700,0,0,0,0,0,0,0,0
08059980800,08,059,980800,17,8,9,8,0,0,2,7
08061960100,08,061,960100,1446,712,734,1247,3,9,104,83
08063962100,08,063,962100,4478,2246,2232,3089,10,24,1136,219
08063962400,08,063,962400,2609,1325,1284,2217,11,6,273,102
08065961701,08,065,961701,2024,1101,923,1259,7,19,618,121
08065961702,08,065,961702,3257,1756,1501,2211,12,26,827,181
08065961900,08,065,961900,2155,1142,1013,823,12,18,1217,85
08067940300,08,067,940300,5385,2721,2664,2843,6,17,1123,1396
08067940400,08,067,940400,5485,2795,2690,4304,11,19,687,464
08067970601,08,067,970601,3877,1944,1933,3224,8,14,368,263
08067970602,08,067,970602,6340,3219,3121,5064,14,33,733,496
08067970701,08,067,970701,4560,2365,2195,3840,6,38,353,323
08067970703,08,067,970703,6766,3340,3426,5245,21,61,908,531
08031004302,08,031,004302,2699,1319,1380,2137,75,63,275,149
08031004303,08,031,004303,4341,2112,2229,3741,33,105,194,268
08031004306,08,031,004306,6092,2948,3144,4408,461,150,701,372
08031004307,08,031,004307,1988,977,1011,1376,130,46,292,144
08031004308,08,031,004308,4132,2067,2065,2941,232,153,551,255
08031004309,08,031,004309,3633,1761,1872,2798,183,82,348,222
08031004310,08,031,004310,2347,1131,1216,1821,94,73,224,135
08059010902,08,059,010902,3165,1597,1568,1925,106,112,780,242
08059011000,08,059,011000,5707,2865,2842,3915,112,105,1201,374
08059011101,08,059,011101,3380,1729,1651,2202,88,91,763,236
08059011102,08,059,011102,3242,1669,1573,1565,152,50,1250,225
08059011202,08,059,011202,5424,2514,2910,4070,60,79,940,275
08059011300,08,059,011300,3011,1474,1537,2135,20,53,639,164
08059011401,08,059,011401,2753,1428,1325,1297,108,60,1133,155
08059011402,08,059,011402,3906,2014,1892,2109,118,73,1349,257
08059011551,08,059,011551,4054,1981,2073,2335,180,68,1245,226
08059011552,08,059,011552,2962,1594,1368,1436,105,53,1146,222
08059011601,08,059,011601,3728,1885,1843,1623,67,77,1797,164
08059011602,08,059,011602,4245,2102,2143,1972,84,128,1871,190
08059011701,08,059,011701,4653,2266,2387,3299,45,167,946,196
08059011702,08,059,011702,5730,2790,2940,3759,43,345,1337,246
08059011708,08,059,011708,4199,2090,2109,3151,28,81,666,273
08059011709,08,059,011709,3449,1732,1717,2436,24,110,685,194
08059011710,08,059,011710,4113,2046,2067,2928,55,141,749,240
08059011711,08,059,011711,4281,2132,2149,3136,71,141,683,250
08059011712,08,059,011712,4188,2067,2121,3417,23,80,427,241
08067970705,08,067,970705,2702,1361,1341,2192,6,9,341,154
08067970706,08,067,970706,1321,678,643,1168,3,6,64,80
08067970800,08,067,970800,7368,3746,3622,5531,36,80,925,796
08067970900,08,067,970900,4175,2144,2031,3266,17,39,465,388
08067971000,08,067,971000,3217,1636,1581,2535,10,24,361,287
08101000902,08,101,000902,6075,2943,3132,2546,100,56,3107,266
08101000500,08,101,000500,2321,1159,1162,1243,60,23,850,145
08101000600,08,101,000600,2089,1075,1014,800,53,9,1092,135
08101000800,08,101,000800,3156,1616,1540,1029,61,11,1925,130
08101000903,08,101,000903,226,121,105,93,24,9,62,38
08101000904,08,101,000904,4410,2052,2358,2214,63,40,1911,182
08101000905,08,101,000905,2441,1253,1188,1033,83,62,1147,116
08101001000,08,101,001000,4768,2309,2459,1319,97,16,3093,243
08101001100,08,101,001100,2822,1379,1443,760,41,1,1890,130
08101001200,08,101,001200,2169,1103,1066,467,28,5,1586,83
08101001400,08,101,001400,1461,698,763,682,38,5,666,70
08101001500,08,101,001500,2188,1055,1133,1274,29,9,761,115
08101001600,08,101,001600,1753,823,930,1146,13,18,506,70
08101001700,08,101,001700,4457,2136,2321,2394,96,28,1783,156
08101001800,08,101,001800,2308,1126,1182,1186,34,11,967,110
08101001900,08,101,001900,1423,711,712,685,16,9,618,95
08101002000,08,101,002000,3071,1542,1529,1034,93,17,1768,159
08101002100,08,101,002100,1517,750,767,420,43,7,945,102
08101002200,08,101,002200,1668,827,841,548,29,10,979,102
08101002300,08,101,002300,3802,1947,1855,1448,93,30,2064,167
08101002400,08,101,002400,1937,972,965,774,41,14,999,109
08101002500,08,101,002500,2777,1370,1407,1117,66,11,1417,166
08101002600,08,101,002600,3921,1815,2106,1349,120,4,2290,158
08101002700,08,101,002700,5699,2703,2996,2295,113,16,3032,243
08101002801,08,101,002801,5366,2554,2812,2149,95,12,2924,186
08101002802,08,101,002802,3732,1782,1950,2001,75,17,1482,157
08101002804,08,101,002804,4626,2296,2330,3787,18,21,555,245
08101002806,08,101,002806,3885,1994,1891,2595,41,29,1088,132
08101002807,08,101,002807,4833,2308,2525,2348,59,68,2162,196
08101002808,08,101,002808,3044,1514,1530,1660,35,36,1210,103
08101002901,08,101,002901,3395,1611,1784,1318,55,38,1828,156
08101002906,08,101,002906,4643,2356,2287,3453,31,59,876,224
08101002911,08,101,002911,3067,1545,1522,2167,16,39,669,176
08101002912,08,101,002912,1732,850,882,942,58,24,593,115
08101002913,08,101,002913,3553,1738,1815,2464,34,71,821,163
08101002914,08,101,002914,3412,1714,1698,2005,54,37,1133,183
08101002915,08,101,002915,2598,1302,1296,1591,25,25,814,143
08101002916,08,101,002916,3071,1526,1545,1979,30,25,830,207
08101002917,08,101,002917,3116,1549,1567,2062,16,41,827,170
08101002919,08,101,002919,4809,2333,2476,2283,121,115,2065,225
08101002920,08,101,002920,2966,1426,1540,1452,93,146,1120,155
08101002921,08,101,002921,3111,1585,1526,1951,56,33,879,192
08101002922,08,101,002922,3252,1686,1566,2311,45,37,669,190
08035014009,08,035,014009,4741,2384,2357,3311,90,476,564,300
08035014006,08,035,014006,7394,3723,3671,5637,95,602,640,420
08035014007,08,035,014007,3425,1715,1710,2073,145,594,410,203
08035014008,08,035,014008,11741,5730,6011,8397,184,1515,996,649
08035014010,08,035,014010,6009,3016,2993,4359,142,510,670,328
08035014011,08,035,014011,7059,3515,3544,4947,87,1122,537,366
08035014013,08,035,014013,11075,5571,5504,8976,146,271,1027,655
08035014014,08,035,014014,4916,2451,2465,3115,169,720,584,328
08035014015,08,035,014015,4074,2042,2032,2971,96,153,622,232
08035014016,08,035,014016,5719,2868,2851,4427,77,318,578,319
08035014017,08,035,014017,3287,1750,1537,2694,45,89,293,166
08035014107,08,035,014107,3812,1887,1925,3030,36,133,326,287
08035014108,08,035,014108,4823,2389,2434,3971,38,124,397,293
08035014109,08,035,014109,2920,1340,1580,2525,27,100,164,104
08035014110,08,035,014110,5341,2625,2716,4020,84,368,579,290
08035014112,08,035,014112,3811,1865,1946,3095,53,177,292,194
08035014113,08,035,014113,2953,1458,1495,2188,35,229,287,214
08035014114,08,035,014114,3370,1716,1654,2529,37,104,476,224
08035014115,08,035,014115,4075,2007,2068,3187,42,295,323,228
08035014116,08,035,014116,6184,3158,3026,3969,180,1058,632,345
08035014124,08,035,014124,5276,2660,2616,4156,77,174,562,307
08035014125,08,035,014125,5998,2939,3059,4548,89,426,562,373
08035014126,08,035,014126,1887,873,1014,1314,19,279,170,105
08035014127,08,035,014127,5437,2674,2763,4555,45,215,370,252
08035014128,08,035,014128,4581,2182,2399,3617,50,200,449,265
08035014129,08,035,014129,3604,1736,1868,2892,34,171,303,204
08035014130,08,035,014130,7352,3649,3703,5807,58,390,715,382
08035014131,08,035,014131,6142,2861,3281,5016,68,324,489,245
08035014132,08,035,014132,6161,3054,3107,4868,42,510,421,320
08035014133,08,035,014133,6300,3150,3150,5056,42,294,515,393
08035014134,08,035,014134,5849,2864,2985,4392,73,512,496,376
08035014135,08,035,014135,5818,2908,2910,4786,22,310,383,317
08035014138,08,035,014138,2961,1474,1487,1941,46,546,294,134
08035014139,08,035,014139,4142,1982,2160,3220,64,303,354,201
08035014140,08,035,014140,5433,2704,2729,4234,77,410,382,330
08035014141,08,035,014141,5447,2695,2752,4547,55,167,368,310
08035014142,08,035,014142,1884,941,943,1680,18,50,73,63
08035014143,08,035,014143,3153,1577,1576,2382,32,372,200,167
08035014144,08,035,014144,6089,3002,3087,4315,79,980,446,269
08035014123,08,035,014123,4012,2037,1975,3042,111,74,563,222
08041004403,08,041,004403,2204,1534,670,1073,355,68,481,227
08041004300,08,041,004300,6642,3437,3205,3885,532,164,1423,638
08041004402,08,041,004402,6641,5553,1088,3598,1118,236,1223,466
08041004404,08,041,004404,3277,1646,1631,1844,287,134,655,357
08041004405,08,041,004405,3663,1885,1778,1955,359,42,924,383
08041004406,08,041,004406,2567,1303,1264,1186,305,66,746,264
08041004501,08,041,004501,5938,3391,2547,2729,545,91,2196,377
08041004502,08,041,004502,6921,3496,3425,3639,757,334,1481,710
08041004506,08,041,004506,4963,2467,2496,3017,346,93,991,516
08041004507,08,041,004507,3150,1579,1571,1821,305,62,635,327
08041004512,08,041,004512,2635,1295,1340,1473,221,51,616,274
08041004513,08,041,004513,3723,1844,1879,2149,302,58,896,318
08041004514,08,041,004514,6060,3056,3004,3326,557,132,1385,660
08041004515,08,041,004515,6520,3295,3225,3298,758,180,1553,731
08041004516,08,041,004516,3528,1731,1797,2206,206,48,804,264
08041004517,08,041,004517,5122,2550,2572,2984,391,81,1156,510
08041004518,08,041,004518,6598,3306,3292,3661,669,251,1283,734
08041004519,08,041,004519,5482,2783,2699,2872,544,179,1297,590
08041004520,08,041,004520,2360,1159,1201,1358,178,60,556,208
08041004601,08,041,004601,4324,2193,2131,3414,39,22,554,295
08041004602,08,041,004602,4669,2408,2261,3533,55,28,701,352
08041004603,08,041,004603,9811,4944,4867,5676,802,231,2145,957
08041004701,08,041,004701,4948,2443,2505,3535,198,123,659,433
08041004702,08,041,004702,2188,1103,1085,1559,77,37,351,164
08041004703,08,041,004703,6287,3054,3233,4513,249,132,879,514
08041004706,08,041,004706,5524,2745,2779,3825,223,264,817,395
08041004707,08,041,004707,3389,1663,1726,2385,146,100,513,245
08041004708,08,041,004708,5176,2529,2647,3559,286,172,748,411
08041004800,08,041,004800,4904,2462,2442,3232,224,83,970,395
08041004901,08,041,004901,3771,1885,1886,2434,164,51,816,306
08041004902,08,041,004902,5385,2640,2745,4067,180,156,614,368
08041005000,08,041,005000,5445,2751,2694,3117,410,116,1294,508
08014031403,08,014,031403,4617,2344,2273,3390,30,515,410,272
08014031401,08,014,031401,2199,977,1222,2106,4,30,28,31
08014031402,08,014,031402,2016,979,1037,1237,43,353,258,125
08014980100,08,014,980100,0,0,0,0,0,0,0,0
08014980200,08,014,980200,0,0,0,0,0,0,0,0
08014980300,08,014,980300,0,0,0,0,0,0,0,0
08015000100,08,015,000100,2555,1303,1252,2047,13,14,308,173
08015000200,08,015,000200,4854,2308,2546,4151,13,29,436,225
08015000300,08,015,000300,3341,1683,1658,2933,6,29,223,150
08015000402,08,015,000402,3771,2485,1286,2705,254,29,569,214
08015000403,08,015,000403,1674,848,826,1509,2,4,88,71
08015000404,08,015,000404,3281,1623,1658,2850,7,28,217,179
08017960600,08,017,960600,1748,874,874,1470,1,3,206,68
08019014701,08,019,014701,2565,1332,1233,2318,5,14,126,102
08019014702,08,019,014702,2494,1346,1148,2149,12,33,158,142
08019014800,08,019,014800,1694,879,815,1481,16,18,106,73
08019014900,08,019,014900,2644,1438,1206,2201,16,17,258,152
08021974800,08,021,974800,3357,1677,1680,1191,12,5,2085,64
08021974900,08,021,974900,4104,2049,2055,2274,2,16,1694,118
08023972600,08,023,972600,1754,896,858,828,23,33,747,123
08023972700,08,023,972700,1745,930,815,406,10,22,1241,66
08025969601,08,025,969601,2906,2356,550,1645,310,40,760,151
08025969602,08,025,969602,3016,2038,978,1793,200,29,848,146
08027970101,08,027,970101,2422,1205,1217,2188,3,14,85,132
08027970102,08,027,970102,2282,1148,1134,2024,7,8,93,150
08029964600,08,029,964600,4134,2054,2080,3586,8,14,282,244
08029964700,08,029,964700,4125,2017,2108,3539,6,15,366,199
08029964800,08,029,964800,3704,2074,1630,2548,63,67,856,170
08029964900,08,029,964900,6293,3048,3245,4563,13,46,1358,313
08029965001,08,029,965001,2246,1124,1122,1932,1,6,197,110
08029965002,08,029,965002,2413,1219,1194,2028,6,9,213,157
08029965100,08,029,965100,3760,1909,1851,2746,15,62,745,192
08029965201,08,029,965201,2281,1073,1208,1965,9,8,199,100
08029965202,08,029,965202,2240,1081,1159,2000,0,9,113,118
08031000102,08,031,000102,3622,1783,1839,2668,22,52,669,211
08031000201,08,031,000201,3913,1938,1975,1669,53,22,2055,114
08031000202,08,031,000202,4042,1935,2107,1809,243,57,1741,192
08059009827,08,059,009827,6305,3188,3117,4515,101,428,891,370
08059009815,08,059,009815,5182,2551,2631,4253,23,136,502,268
08059009823,08,059,009823,4495,2280,2215,3464,46,92,622,271
08059009824,08,059,009824,5044,2509,2535,3794,33,204,676,337
08059009828,08,059,009828,5315,2588,2727,4178,38,194,639,266
08059009829,08,059,009829,1780,903,877,1382,16,57,212,113
08059009830,08,059,009830,2155,980,1175,1577,41,51,361,125
08059009831,08,059,009831,2768,1441,1327,1709,81,123,644,211
08059009832,08,059,009832,2567,1306,1261,1730,35,83,569,150
08059009833,08,059,009833,5601,2696,2905,3943,118,97,1155,288
08059009834,08,059,009834,4499,2131,2368,3315,50,124,773,237
08059009835,08,059,009835,3584,1745,1839,3024,19,53,325,163
08059009836,08,059,009836,4106,2056,2050,3433,12,86,406,169
08059009837,08,059,009837,7944,3941,4003,6557,37,276,749,325
08059009838,08,059,009838,5428,2619,2809,4563,22,201,376,266
08059009839,08,059,009839,2353,1208,1145,1974,7,44,235,93
08059009840,08,059,009840,3705,1766,1939,3071,27,69,371,167
08059009841,08,059,009841,2337,1130,1207,1890,9,46,289,103
08059009842,08,059,009842,3434,1681,1753,2875,18,129,261,151
08059009845,08,059,009845,4014,2016,1998,3584,10,98,166,156
08059009846,08,059,009846,5060,2481,2579,4510,13,72,227,238
08059009847,08,059,009847,3323,1646,1677,2977,9,24,159,154
08059009848,08,059,009848,2614,1254,1360,2383,2,27,87,115
08059009850,08,059,009850,2633,1355,1278,2328,11,39,114,141
08059009851,08,059,009851,3958,1906,2052,3329,19,97,333,180
08059009852,08,059,009852,4524,2264,2260,3908,11,77,312,216
08059009853,08,059,009853,2758,1425,1333,2340,7,88,152,171
08059009854,08,059,009854,5599,2820,2779,4881,13,102,315,288
08059009855,08,059,009855,3430,1843,1587,2807,27,205,208,183
08059009856,08,059,009856,2983,1548,1435,2160,22,65,554,182
08059009857,08,059,009857,2946,1548,1398,2445,19,109,196,177
08059009858,08,059,009858,3358,1752,1606,2921,10,37,180,210
08059009901,08,059,009901,3121,1739,1382,2588,36,145,205,147
08059010001,08,059,010001,4096,2399,1697,3016,144,192,589,155
08059010100,08,059,010100,4736,2659,2077,3588,67,148,656,277
08059010205,08,059,010205,2572,1265,1307,2212,6,52,192,110
08059010206,08,059,010206,4053,2014,2039,3178,24,64,604,183
08059010208,08,059,010208,5804,2966,2838,3968,66,191,1249,330
08059010209,08,059,010209,6637,3216,3421,4361,110,244,1520,402
08059010210,08,059,010210,3739,1835,1904,2870,28,67,565,209
08031002101,08,031,002101,3078,1601,1477,2058,83,68,668,201
08031002000,08,031,002000,4053,2571,1482,2700,396,144,625,188
08031002102,08,031,002102,3114,1642,1472,2241,161,100,422,190
08031002300,08,031,002300,4975,2458,2517,2778,920,77,907,293
08031002402,08,031,002402,1971,1010,961,1162,264,47,381,117
08031002404,08,031,002404,1415,711,704,790,187,48,304,86
08031002405,08,031,002405,4526,2474,2052,2441,800,136,823,326
08031002602,08,031,002602,2835,1499,1336,2077,188,80,343,147
08031002603,08,031,002603,3250,1708,1542,2353,160,117,412,208
08031002604,08,031,002604,2097,1241,856,1304,229,98,311,155
08031002704,08,031,002704,2423,1320,1103,1670,123,60,409,161
08031002705,08,031,002705,2675,1479,1196,1992,118,63,357,145
08031002706,08,031,002706,3286,1781,1505,2516,107,125,356,182
08031002707,08,031,002707,2996,1555,1441,2385,76,69,308,158
08031002708,08,031,002708,3011,1648,1363,2196,137,72,408,198
08031002709,08,031,002709,2284,1128,1156,1741,94,47,252,150
08031002801,08,031,002801,3217,1613,1604,2574,65,87,327,164
08031002802,08,031,002802,4708,2413,2295,3627,120,130,578,253
08031002804,08,031,002804,2209,1040,1169,1833,34,56,193,93
08031002805,08,031,002805,3784,1901,1883,3092,84,107,290,211
08031002901,08,031,002901,3839,1919,1920,3155,58,94,318,214
08031002902,08,031,002902,4211,2090,2121,3632,21,79,279,200
08031003002,08,031,003002,2749,1357,1392,2224,29,54,285,157
08031003003,08,031,003003,3188,1602,1586,2425,94,170,304,195
08031003004,08,031,003004,6308,3193,3115,4896,170,322,536,384
08031003005,08,031,003005,3144,1514,1630,2604,47,58,243,192
08031003006,08,031,003006,3644,1759,1885,3068,20,86,248,222
08031003101,08,031,003101,1701,859,842,1137,208,46,207,103
08031003102,08,031,003102,4082,2009,2073,2719,438,99,564,262
08031003202,08,031,003202,3429,1753,1676,2768,123,85,274,179
08031003203,08,031,003203,3100,1497,1603,2753,17,51,168,111
08031003204,08,031,003204,2159,1099,1060,1567,116,61,281,134
08031003205,08,031,003205,3196,1584,1612,2629,61,58,276,172
08031003300,08,031,003300,3329,1604,1725,2839,38,80,201,171
08045951600,08,045,951600,4064,2076,1988,2083,12,24,1798,147
08043980100,08,043,980100,564,558,6,304,115,7,116,22
08043980200,08,043,980200,2532,2528,4,867,766,50,663,186
08043980300,08,043,980300,4001,3990,11,1866,675,47,1263,150
08045951701,08,045,951701,4513,2249,2264,2731,15,50,1523,194
08045951702,08,045,951702,3407,1727,1680,2218,11,51,982,145
08045951802,08,045,951802,4180,2118,2062,2918,11,15,1057,179
08045951803,08,045,951803,5985,3028,2957,3835,18,49,1870,213
08045951804,08,045,951804,4621,2297,2324,3408,14,50,962,187
08045951901,08,045,951901,5555,2869,2686,3584,14,12,1666,279
08045951902,08,045,951902,7590,3824,3766,4916,28,54,2253,339
08045952001,08,045,952001,5713,2822,2891,2660,13,20,2792,228
08045952003,08,045,952003,2371,1289,1082,1511,41,8,670,141
08045952004,08,045,952004,6402,3206,3196,3820,46,33,2224,279
08045952100,08,045,952100,7284,3627,3657,4952,54,31,1767,480
08047013801,08,047,013801,2160,1147,1013,1886,6,26,120,122
08047013802,08,047,013802,3648,1924,1724,3066,26,59,260,237
08049000100,08,049,000100,3226,1709,1517,2575,10,3,492,146
08049000203,08,049,000203,2041,1137,904,1788,14,19,162,58
08049000204,08,049,000204,1734,945,789,1567,6,16,86,59
08049000205,08,049,000205,3543,1810,1733,3135,10,25,233,140
08049000206,08,049,000206,1678,881,797,1509,1,7,89,72
08049000207,08,049,000207,3495,1801,1694,2861,18,13,471,132
08051963601,08,051,963601,2134,1120,1014,1853,2,4,168,107
08051963602,08,051,963602,1915,1034,881,1616,5,6,196,92
08051963701,08,051,963701,3898,2030,1868,3036,23,21,598,220
08051963702,08,051,963702,2888,1572,1316,2252,40,42,404,150
08051963800,08,051,963800,5116,2742,2374,4627,5,48,198,238
08051963900,08,051,963900,967,511,456,870,2,0,40,55
08077001403,08,077,001403,3638,1818,1820,3024,14,41,328,231
08077001303,08,077,001303,2798,1358,1440,2107,16,36,465,174
08077001304,08,077,001304,6219,3063,3156,4602,38,31,1121,427
08077001402,08,077,001402,6419,3154,3265,5566,21,76,419,337
08077001404,08,077,001404,5199,2564,2635,4575,16,64,270,274
08077001502,08,077,001502,8100,4069,4031,6965,16,35,620,464
08077001503,08,077,001503,6251,3043,3208,5239,45,33,598,336
08077001504,08,077,001504,7184,3438,3746,5687,28,49,1001,419
08077001600,08,077,001600,3997,1935,2062,3421,8,41,324,203
08077001702,08,077,001702,4296,2133,2163,3607,9,33,407,240
08077001703,08,077,001703,4614,2261,2353,3551,27,45,728,263
08077001705,08,077,001705,5820,2869,2951,4126,49,34,1300,311
08077001706,08,077,001706,6072,2924,3148,3951,49,28,1653,391
08077001707,08,077,001707,6333,3138,3195,4515,56,31,1399,332
08077001800,08,077,001800,3110,1587,1523,2728,14,13,194,161
08077001900,08,077,001900,5158,2700,2458,4440,18,27,368,305
08079973600,08,079,973600,865,428,437,775,0,3,47,40
08081000300,08,081,000300,3173,1610,1563,2723,15,15,209,211
08081000400,08,081,000400,4460,2245,2215,3157,18,19,1068,198
08081000500,08,081,000500,4183,2175,2008,3139,42,18,763,221
08081000600,08,081,000600,1476,790,686,1294,2,0,84,96
08083941100,08,083,941100,1551,705,846,71,4,0,40,1436
08053973100,08,053,973100,788,407,381,693,8,2,30,55
08055960600,08,055,960600,3248,1628,1620,1427,34,12,1589,186
08055960901,08,055,960901,1753,933,820,1277,8,9,336,123
08055960902,08,055,960902,1819,915,904,1527,11,3,205,73
08057955600,08,057,955600,1379,706,673,1161,0,2,138,78
08059009806,08,059,009806,4266,2135,2131,3644,31,108,259,224
08059009807,08,059,009807,1727,826,901,1391,11,29,190,106
08101003103,08,101,003103,1750,885,865,745,10,1,929,65
08101002923,08,101,002923,1905,958,947,1350,14,20,386,135
08101003001,08,101,003001,1527,790,737,759,14,6,667,81
08101003004,08,101,003004,2946,1440,1506,1781,72,112,831,150
08101003104,08,101,003104,2280,1112,1168,1494,7,5,660,114
08101003105,08,101,003105,3227,1626,1601,2144,17,12,898,156
08101003106,08,101,003106,1220,623,597,666,1,2,502,49
08101003200,08,101,003200,3449,1786,1663,2227,17,21,1017,167
08101003500,08,101,003500,2172,1201,971,927,62,18,1051,114
08101003600,08,101,003600,2131,1093,1038,875,19,13,1147,77
08101980100,08,101,980100,0,0,0,0,0,0,0,0
08103951100,08,103,951100,3840,1976,1864,3260,13,7,342,218
08103951200,08,103,951200,2689,1351,1338,2249,16,15,280,129
08105976700,08,105,976700,5228,2538,2690,1993,27,20,2924,264
08105976800,08,105,976800,1622,805,817,788,6,0,752,76
08105977001,08,105,977001,2173,1127,1046,1706,13,14,327,113
08105977002,08,105,977002,2516,1254,1262,1774,5,2,606,129
08107000100,08,107,000100,2122,1097,1025,1953,5,0,83,81
08107000200,08,107,000200,2026,1042,984,1686,7,10,208,115
08107000300,08,107,000300,2319,1198,1121,2030,3,0,164,122
08107000400,08,107,000400,3960,2053,1907,2906,16,20,888,130
08107000500,08,107,000500,4026,2064,1962,3590,35,47,185,169
08107000600,08,107,000600,3412,1695,1717,2941,8,24,303,136
08107000701,08,107,000701,2169,1108,1061,1878,29,21,128,113
08107000702,08,107,000702,1561,846,715,1300,43,38,108,72
08107000703,08,107,000703,1190,626,564,1103,3,5,37,42
08107000800,08,107,000800,2044,1066,978,1855,4,4,96,85
08109977600,08,109,977600,3601,1876,1725,2858,17,56,455,215
08109977700,08,109,977700,2767,1373,1394,720,2,7,1939,99
08083969000,08,083,969000,3459,1723,1736,2856,5,7,277,314
08083969100,08,083,969100,3266,1598,1668,2636,11,11,339,269
08083969200,08,083,969200,2818,1426,1392,2390,2,11,204,211
08083969301,08,083,969301,3265,1680,1585,2335,12,16,529,373
08083969302,08,083,969302,3298,1585,1713,2380,15,29,478,396
08083969400,08,083,969400,3963,1892,2071,2251,13,40,680,979
08083969600,08,083,969600,4229,2147,2082,3116,10,14,562,527
08085966100,08,085,966100,2178,1125,1053,1923,5,2,110,138
08085966201,08,085,966201,2753,1404,1349,2231,9,11,350,152
08085966202,08,085,966202,4460,2279,2181,2634,18,11,1622,175
08085966301,08,085,966301,2306,1159,1147,1536,10,36,620,104
08085966302,08,085,966302,3812,1925,1887,2232,22,28,1378,152
08085966401,08,085,966401,1175,516,659,983,4,8,142,38
08085966402,08,085,966402,5099,2445,2654,3815,29,47,982,226
08085966501,08,085,966501,3019,1531,1488,2565,6,28,265,155
08085966502,08,085,966502,4280,2041,2239,3431,27,63,570,189
08085966503,08,085,966503,3543,1726,1817,2520,9,21,815,178
08085966601,08,085,966601,5362,2627,2735,3191,8,47,1828,288
08111972600,08,111,972600,705,379,326,575,1,2,90,37
08113968101,08,113,968101,2616,1368,1248,2165,3,26,341,81
08113968102,08,113,968102,1605,876,729,1257,6,24,240,78
08113968103,08,113,968103,2334,1243,1091,2061,6,5,154,108
08113968200,08,113,968200,1517,775,742,1274,5,0,147,91
08115968300,08,115,968300,2404,1206,1198,1934,3,12,363,92
08117000101,08,117,000101,1416,783,633,1026,15,20,288,67
08117000102,08,117,000102,5283,2786,2497,3634,74,77,1313,185
08117000103,08,117,000103,1354,706,648,1102,8,6,193,45
08117000201,08,117,000201,1536,905,631,1211,7,51,194,73
08117000202,08,117,000202,2780,1549,1231,1411,41,31,1203,94
08005007201,08,005,007201,3817,2019,1798,947,615,171,1847,237
08005007111,08,005,007111,1790,917,873,467,45,2,1229,47
08005007112,08,005,007112,7916,3943,3973,4579,717,801,1188,631
08005007113,08,005,007113,7952,3942,4010,5327,444,741,913,527
08005007202,08,005,007202,3899,2016,1883,894,461,147,2198,199
08005007301,08,005,007301,3215,1687,1528,770,654,280,1300,211
08005007302,08,005,007302,5365,2849,2516,785,1050,370,2910,250
08005007400,08,005,007400,5333,2714,2619,1222,340,227,3290,254
08005007500,08,005,007500,2625,1331,1294,730,308,78,1401,108
08005007600,08,005,007600,3584,1767,1817,863,550,168,1802,201
08005007702,08,005,007702,4424,2236,2188,1379,796,178,1717,354
08005007703,08,005,007703,4701,2253,2448,1353,1139,202,1747,260
08005007704,08,005,007704,4793,2380,2413,1214,1559,92,1656,272
08005015100,08,005,015100,2683,1327,1356,2164,58,98,221,142
08005080000,08,005,080000,3780,1925,1855,1195,749,200,1370,266
08005080100,08,005,080100,4632,2294,2338,1592,1146,250,1393,251
08005080200,08,005,080200,6104,3066,3038,2882,1126,462,1278,356
08005080300,08,005,080300,6162,3017,3145,3057,1073,520,1070,442
08005080400,08,005,080400,4996,2349,2647,2928,769,314,624,361
08005080500,08,005,080500,3854,1817,2037,2133,738,259,507,217
08005080600,08,005,080600,3674,1748,1926,1729,601,180,937,227
08005080700,08,005,080700,5604,2747,2857,1992,1203,318,1789,302
08005080800,08,005,080800,3307,1736,1571,783,540,212,1549,223
08005080900,08,005,080900,4396,2282,2114,1514,593,179,1866,244
08005081001,08,005,081001,2026,981,1045,598,661,77,529,161
08005081002,08,005,081002,3686,1864,1822,817,897,145,1648,179
08005081400,08,005,081400,5588,2796,2792,2820,828,369,1253,318
08005081500,08,005,081500,3152,1135,2017,2739,155,68,118,72
08005081600,08,005,081600,5074,2514,2560,2818,478,171,1274,333
08005081700,08,005,081700,2864,1403,1461,1875,195,307,287,200
08005081800,08,005,081800,5533,2886,2647,836,608,374,3539,176
08005081900,08,005,081900,7123,3601,3522,1777,1536,333,3112,365
08005082000,08,005,082000,4325,2199,2126,1106,1038,191,1625,365
08005082100,08,005,082100,7124,3557,3567,1915,1533,354,2774,548
08005082200,08,005,082200,6177,3015,3162,2312,1299,330,1825,411
08005082300,08,005,082300,3752,1917,1835,1456,543,205,1293,255
08005082400,08,005,082400,4533,2311,2222,1933,664,192,1443,301
08005082500,08,005,082500,2378,1213,1165,1243,221,98,622,194
08005081101,08,005,081101,3490,1753,1737,872,1299,168,957,194
08005081102,08,005,081102,2357,1130,1227,748,568,106,756,179
08005081200,08,005,081200,4849,2415,2434,1564,1362,276,1301,346
08005081300,08,005,081300,3412,1753,1659,988,715,238,1245,226
08001060001,08,001,060001,2581,1329,1252,1829,36,140,403,173
08001009752,08,001,009752,3014,1559,1455,982,24,67,1817,124
08001015000,08,001,015000,3112,1640,1472,1126,70,20,1730,166
08001060002,08,001,060002,4287,2105,2182,2963,51,386,635,252
08001060100,08,001,060100,7318,3660,3658,4545,91,541,1770,371
08001060200,08,001,060200,5227,2631,2596,3435,121,266,1091,314
08001061200,08,001,061200,3819,1926,1893,2529,77,295,720,198
08001988700,08,001,988700,0,0,0,0,0,0,0,0
08003960000,08,003,960000,1696,884,812,1074,3,2,469,148
08003960100,08,003,960100,2637,1337,1300,1651,5,7,837,137
08003960201,08,003,960201,2693,1319,1374,1280,27,25,1232,129
08003960202,08,003,960202,4173,1936,2237,1991,138,79,1764,201
08003960300,08,003,960300,5177,2547,2630,1494,38,29,3399,217
08005004951,08,005,004951,1599,812,787,939,102,58,374,126
08005004952,08,005,004952,3014,1526,1488,1851,155,115,750,143
08005005551,08,005,005551,3171,1667,1504,1128,202,145,1554,142
08005005552,08,005,005552,2782,1398,1384,1310,120,97,1074,181
08005005553,08,005,005553,3909,1969,1940,2084,82,172,1353,218
08005005611,08,005,005611,5012,2546,2466,4111,36,117,480,268
08005005612,08,005,005612,3661,1909,1752,2710,57,47,639,208
08005005614,08,005,005614,3215,1617,1598,2696,22,86,257,154
08005005619,08,005,005619,4700,2334,2366,3572,34,72,706,316
08005005620,08,005,005620,2613,1133,1480,2062,25,48,363,115
08005005621,08,005,005621,3026,1429,1597,2625,9,50,218,124
08005005622,08,005,005622,3491,1739,1752,2914,31,90,322,134
08005005623,08,005,005623,4066,1949,2117,3489,26,79,267,205
08005005624,08,005,005624,2203,1078,1125,1835,14,43,184,127
08005005625,08,005,005625,4079,2042,2037,3114,55,137,532,241
08005005626,08,005,005626,3546,1675,1871,2792,55,115,354,230
08005005627,08,005,005627,4613,2190,2423,4030,34,83,290,176
08005005628,08,005,005628,5837,2820,3017,4723,58,174,575,307
08005005629,08,005,005629,2308,1138,1170,2042,13,75,82,96
08005005630,08,005,005630,5314,2539,2775,4417,70,124,423,280
08005005631,08,005,005631,3182,1537,1645,2647,35,82,246,172
08005005632,08,005,005632,3311,1640,1671,2642,59,108,295,207
08005005633,08,005,005633,3120,1505,1615,2630,20,96,215,159
08005005634,08,005,005634,3061,1330,1731,2704,21,56,181,99
08005005635,08,005,005635,4824,2271,2553,4149,46,79,328,222
08005005636,08,005,005636,1873,925,948,1611,15,65,104,78
08005005701,08,005,005701,1739,917,822,1118,48,32,436,105
08005005702,08,005,005702,2619,1375,1244,1573,101,62,769,114
08069002700,08,069,002700,7356,3589,3767,6147,16,56,756,381
08069002601,08,069,002601,2263,1131,1132,1987,0,29,114,133
08069002602,08,069,002602,7054,3551,3503,5929,28,90,633,374
08069002801,08,069,002801,3161,1480,1681,2694,28,45,285,109
08069002803,08,069,002803,122,65,57,96,0,1,19,6
08069002804,08,069,002804,3096,1472,1624,2506,15,54,413,108
08069002805,08,069,002805,2970,1446,1524,2434,5,54,392,85
08071000100,08,071,000100,3759,1910,1849,1904,37,24,1603,191
08071000200,08,071,000200,1957,964,993,1141,18,18,672,108
08071000300,08,071,000300,2184,1135,1049,1504,8,6,580,86
08071000400,08,071,000400,2130,1065,1065,1002,18,25,1005,80
08071000500,08,071,000500,1972,963,1009,854,17,17,995,89
08071000800,08,071,000800,2553,1559,994,1560,85,18,777,113
08073961700,08,073,961700,3495,2204,1291,2318,270,35,695,177
08073961800,08,073,961800,2180,1115,1065,1934,5,5,114,122
08075965900,08,075,965900,1101,565,536,957,2,4,106,32
08075966000,08,075,966000,2150,1113,1037,1877,4,3,220,46
08075966101,08,075,966101,2854,1425,1429,2427,12,13,302,100
08075966102,08,075,966102,4114,1998,2116,2959,72,20,883,180
08075966200,08,075,966200,3167,1649,1518,2252,111,10,618,176
08075966300,08,075,966300,4063,1991,2072,3360,39,42,483,139
08075966400,08,075,966400,4079,3316,763,2505,513,27,899,135
08077000200,08,077,000200,2009,1021,988,1557,16,14,291,131
08077000300,08,077,000300,1381,721,660,1047,16,17,212,89
08077000400,08,077,000400,3465,1692,1773,2548,32,51,643,191
08077000500,08,077,000500,3115,1567,1548,1988,93,74,720,240
08077000601,08,077,000601,4444,2063,2381,3447,42,79,646,230
08077000602,08,077,000602,5062,2584,2478,3629,65,78,970,320
08077000700,08,077,000700,4350,2266,2084,2813,47,26,1193,271
08077000801,08,077,000801,3907,2049,1858,2844,39,48,710,266
08077000802,08,077,000802,5114,2543,2571,3523,24,46,1189,332
08077000900,08,077,000900,4417,2238,2179,3077,46,159,923,212
08077001001,08,077,001001,4973,2273,2700,4158,30,32,513,240
08077001002,08,077,001002,6912,3313,3599,5770,29,122,624,367
08077001102,08,077,001102,4954,2488,2466,3886,38,52,683,295
08077001103,08,077,001103,3390,1703,1687,2624,22,24,515,205
08077001104,08,077,001104,5267,2548,2719,3460,37,66,1329,375
08077001200,08,077,001200,2083,1093,990,1738,2,18,232,93
08077001302,08,077,001302,5652,2858,2794,4536,18,90,690,318
